"quadrat_id","species_ids"
"2024-CEV3-20240602","[1362443]"
"CBN-PdlC-A1-20130807","[1396471]"
"CBN-PdlC-A1-20130903","[1392608, 1722444]"
"CBN-PdlC-A1-20140721","[1743924]"
"CBN-PdlC-A1-20140811","[1392608, 1412857, 1395974, 1743913]"
"CBN-PdlC-A1-20140901","[1392608, 1646497, 1395974]"
"CBN-PdlC-A1-20150701","[1392608]"
"CBN-PdlC-A1-20150720","[1392608]"
"CBN-PdlC-A1-20150831","[1392608, 1394641, 1519650, 1742052]"
"CBN-PdlC-A1-20160705","[1360299]"
"CBN-PdlC-A1-20160726","[1394641, 1397046]"
"CBN-PdlC-A1-20170816","[1392608, 1742052, 1395974]"
"CBN-PdlC-A1-20170906","[1391331, 1743913, 1489036, 1743924, 1394613, 1361079]"
"CBN-PdlC-A1-20180702","[1398824, 1357130, 1397524]"
"CBN-PdlC-A1-20180815","[1398824, 1359511]"
"CBN-PdlC-A1-20180905","[1356399]"
"CBN-PdlC-A1-20190701","[1741601, 1722437, 1398824, 1743913, 1743465, 1722444, 1743924, 1394613, 1355992]"
"CBN-PdlC-A1-20190722","[1743913, 1393946, 1396869]"
"CBN-PdlC-A1-20190812","[1392608, 1743971, 1390846]"
"CBN-PdlC-A1-20190909","[1392608, 1362745, 1391331, 1390966]"
"CBN-PdlC-A1-20200629","[1394336, 1396417, 1722437, 1743913, 1722444, 1743924, 1361079]"
"CBN-PdlC-A1-20200722","[1392608, 1393824, 1742052, 1392549, 1394540, 1549015]"
"CBN-PdlC-A1-20200812","[1360299]"
"CBN-PdlC-A2-20130807","[1396737, 1396869, 1502503, 1388915, 1395990, 1396471, 1355992, 1412857, 1397468]"
"CBN-PdlC-A2-20130903","[1396737, 1396869, 1395974, 1722444, 1743924, 1394613, 1396471]"
"CBN-PdlC-A2-20140721","[1743337, 1356370, 1396869, 1363741]"
"CBN-PdlC-A2-20140901","[1396737, 1412857, 1395974]"
"CBN-PdlC-A2-20150720","[1396869, 1395974]"
"CBN-PdlC-A2-20150810","[1412857, 1395974]"
"CBN-PdlC-A2-20150831","[1412857, 1396253, 1395974]"
"CBN-PdlC-A2-20160705","[1394336, 1396869, 1395974, 1722444, 1743924, 1394613, 1396471, 1396253]"
"CBN-PdlC-A2-20160726","[1396869, 1395974, 1743337, 1393200, 1412857]"
"CBN-PdlC-A2-20170816","[1394911, 1742052, 1395974, 1393200, 1412857, 1395807]"
"CBN-PdlC-A2-20180702","[1394336, 1396869, 1722437, 1722444, 1743924]"
"CBN-PdlC-A2-20180723","[1393200, 1396869, 1502503]"
"CBN-PdlC-A2-20180815","[1722444, 1396869, 1743396, 1361079]"
"CBN-PdlC-A2-20180905","[1394336, 1743971, 1396869, 1722437, 1743913, 1722444, 1503192, 1743924, 1394613, 1395990, 1359511, 1355992, 1412857, 1395807]"
"CBN-PdlC-A2-20190701","[1743913, 1743924, 1396869, 1395974]"
"CBN-PdlC-A2-20190722","[1394336, 1396417, 1392388, 1396869, 1722437, 1743396, 1549015, 1741834, 1722444, 1743924, 1361079, 1503192]"
"CBN-PdlC-A2-20190812","[1392388, 1396869, 1512231, 1502503, 1743924]"
"CBN-PdlC-A2-20190909","[1722437, 1395974, 1743913, 1743924, 1412857]"
"CBN-PdlC-A2-20200629","[]"
"CBN-PdlC-A2-20200722","[1390690, 1396869, 1395974]"
"CBN-PdlC-A2-20200812","[1396869, 1502503, 1393946, 1396471, 1722444, 1743924, 1361079, 1503192, 1361402, 1356669, 1390846]"
"CBN-PdlC-A3-20130807","[1356669, 1395807, 1397535]"
"CBN-PdlC-A3-20130903","[1392608]"
"CBN-PdlC-A3-20140721","[1393200, 1532449, 1363741]"
"CBN-PdlC-A3-20140811","[1392608, 1412857]"
"CBN-PdlC-A3-20140901","[1392608, 1412857]"
"CBN-PdlC-A3-20150701","[1412857, 1363741]"
"CBN-PdlC-A3-20150720","[1396107, 1396733, 1359511]"
"CBN-PdlC-A3-20150810","[1392608, 1393314, 1393200, 1363741]"
"CBN-PdlC-A3-20150831","[1392608, 1394857, 1394864, 1393200, 1394866, 1412857, 1390846]"
"CBN-PdlC-A3-20160705","[1393824, 1412857, 1393200, 1397535]"
"CBN-PdlC-A3-20160726","[1393200, 1393824, 1397535]"
"CBN-PdlC-A3-20170816","[1742052, 1512231, 1394643, 1393619, 1412857]"
"CBN-PdlC-A3-20170906","[1394866, 1396869]"
"CBN-PdlC-A3-20180702","[1363741]"
"CBN-PdlC-A3-20180723","[1392608, 1391331, 1396869, 1701831, 1393200]"
"CBN-PdlC-A3-20180815","[1412857]"
"CBN-PdlC-A3-20180905","[1412857]"
"CBN-PdlC-A3-20190701","[1743913, 1722444, 1397535]"
"CBN-PdlC-A3-20190722","[1412857, 1363741, 1357577]"
"CBN-PdlC-A3-20190812","[]"
"CBN-PdlC-A3-20190909","[1392608, 1412857, 1394643, 1742052]"
"CBN-PdlC-A3-20200629","[1389740]"
"CBN-PdlC-A3-20200722","[1412857, 1396869]"
"CBN-PdlC-A3-20200812","[1412857, 1512231]"
"CBN-PdlC-A4-20130807","[]"
"CBN-PdlC-A4-20130903","[1392608, 1742052, 1396717, 1646703, 1394322]"
"CBN-PdlC-A4-20140811","[1393200, 1396733]"
"CBN-PdlC-A4-20140901","[1478563]"
"CBN-PdlC-A4-20150701","[1393200, 1392608]"
"CBN-PdlC-A4-20150810","[1392608, 1393200]"
"CBN-PdlC-A4-20150831","[1392608, 1646703, 1393200, 1356145, 1393564]"
"CBN-PdlC-A4-20160705","[1393200]"
"CBN-PdlC-A4-20160726","[1392608]"
"CBN-PdlC-A4-20170816","[1743924, 1396869, 1646703]"
"CBN-PdlC-A4-20170906","[]"
"CBN-PdlC-A4-20180702","[1590997, 1394502]"
"CBN-PdlC-A4-20180723","[1393200, 1392608, 1400101]"
"CBN-PdlC-A4-20180815","[1646703]"
"CBN-PdlC-A4-20180905","[1394840]"
"CBN-PdlC-A4-20190701","[1396118]"
"CBN-PdlC-A4-20190722","[1397475, 1646703]"
"CBN-PdlC-A4-20190812","[1393824, 1722545, 1394999]"
"CBN-PdlC-A4-20190909","[1397475, 1360591]"
"CBN-PdlC-A4-20200629","[1356145, 1722437]"
"CBN-PdlC-A4-20200722","[1393200, 1360590, 1646703]"
"CBN-PdlC-A4-20200812","[1743984, 1646703]"
"CBN-PdlC-A5-20130807","[1397475, 1360591]"
"CBN-PdlC-A5-20130903","[1741706, 1397475, 1495503]"
"CBN-PdlC-A5-20140721","[1397475, 1590997, 1397046, 1363741, 1392767]"
"CBN-PdlC-A5-20140811","[1741834, 1393710, 1395807]"
"CBN-PdlC-A5-20150701","[1388915, 1393245]"
"CBN-PdlC-A5-20150831","[1397475, 1389028, 1646703, 1360591]"
"CBN-PdlC-A5-20160705","[1397475, 1363741]"
"CBN-PdlC-A5-20160726","[1397475, 1363741, 1646703]"
"CBN-PdlC-A5-20170816","[1677641, 1397475, 1360591]"
"CBN-PdlC-A5-20170906","[]"
"CBN-PdlC-A5-20180815","[1393200, 1358627]"
"CBN-PdlC-A5-20180905","[1393946, 1396869]"
"CBN-PdlC-A5-20190909","[1360591]"
"CBN-PdlC-A5-20200722","[1388915, 1363741, 1418211]"
"CBN-PdlC-A6-20130807","[1397475, 1646703, 1395190, 1360591]"
"CBN-PdlC-A6-20130903","[1397475, 1646703, 1360591]"
"CBN-PdlC-A6-20140630","[1355992, 1741834, 1743924, 1361079]"
"CBN-PdlC-A6-20140721","[1397475, 1743299, 1646703, 1360591, 1363741]"
"CBN-PdlC-A6-20140901","[1646703, 1360591]"
"CBN-PdlC-A6-20150701","[1393200, 1646703]"
"CBN-PdlC-A6-20150810","[1391649, 1646703]"
"CBN-PdlC-A6-20150831","[1646703, 1360591]"
"CBN-PdlC-A6-20160705","[1360591, 1397475, 1646703, 1495503]"
"CBN-PdlC-A6-20160726","[1393824, 1397475, 1646703, 1360591]"
"CBN-PdlC-A6-20170816","[1741706, 1743299, 1397475]"
"CBN-PdlC-A6-20170906","[1392662]"
"CBN-PdlC-A6-20180702","[1397475]"
"CBN-PdlC-A6-20180723","[1395868, 1360591]"
"CBN-PdlC-A6-20180815","[1397065, 1394366, 1646703]"
"CBN-PdlC-A6-20180905","[1399096, 1397475]"
"CBN-PdlC-A6-20190701","[1395805, 1360591]"
"CBN-PdlC-A6-20190722","[1396869, 1646703, 1360591, 1390934, 1395805]"
"CBN-PdlC-A6-20190812","[1743984, 1360591, 1360070, 1646703]"
"CBN-PdlC-A6-20190909","[1392553, 1397475, 1646703, 1360591]"
"CBN-PdlC-A6-20200722","[1646703]"
"CBN-PdlC-A6-20200812","[1397475, 1646703]"
"CBN-PdlC-B1-20130807","[1392608, 1396733, 1396869]"
"CBN-PdlC-B1-20130903","[1355992, 1392608]"
"CBN-PdlC-B1-20140721","[1392608, 1502503, 1722444, 1393200, 1743924, 1361079, 1355992]"
"CBN-PdlC-B1-20140811","[1392608]"
"CBN-PdlC-B1-20140901","[1392608]"
"CBN-PdlC-B1-20150701","[1392608, 1393200]"
"CBN-PdlC-B1-20150720","[1392608, 1394857, 1399923, 1738592]"
"CBN-PdlC-B1-20150810","[1392608]"
"CBN-PdlC-B1-20150831","[1392608, 1412857]"
"CBN-PdlC-B1-20160705","[1393200]"
"CBN-PdlC-B1-20160726","[1392608, 1393200]"
"CBN-PdlC-B1-20170816","[1392608]"
"CBN-PdlC-B1-20170906","[1394866, 1397490]"
"CBN-PdlC-B1-20180702","[]"
"CBN-PdlC-B1-20180723","[1392608, 1738592, 1393200, 1396307, 1355992, 1392767]"
"CBN-PdlC-B1-20180815","[1355992, 1453566]"
"CBN-PdlC-B1-20180905","[1392608, 1396307, 1355992, 1412857, 1392220]"
"CBN-PdlC-B1-20190701","[1398824]"
"CBN-PdlC-B1-20190722","[1393200, 1742113, 1398824, 1741767]"
"CBN-PdlC-B1-20190812","[1394857, 1363741, 1396869, 1741767]"
"CBN-PdlC-B1-20190909","[1355992, 1412857, 1392608]"
"CBN-PdlC-B1-20200629","[1355992, 1722437]"
"CBN-PdlC-B1-20200722","[1355992, 1392608, 1396869]"
"CBN-PdlC-B1-20200812","[1392608, 1742053, 1396869, 1412857, 1392662, 1503192, 1355993]"
"CBN-PdlC-B2-20130807","[1392608, 1396869]"
"CBN-PdlC-B2-20130903","[1355992, 1392608]"
"CBN-PdlC-B2-20140721","[1392608, 1418211, 1359632, 1396307, 1355992]"
"CBN-PdlC-B2-20140811","[1392608, 1399923]"
"CBN-PdlC-B2-20140901","[1392608, 1355992]"
"CBN-PdlC-B2-20150701","[1363992, 1356401, 1392608]"
"CBN-PdlC-B2-20150720","[1392608, 1399923, 1418211]"
"CBN-PdlC-B2-20150810","[1392608, 1399923]"
"CBN-PdlC-B2-20150831","[1392608]"
"CBN-PdlC-B2-20160705","[]"
"CBN-PdlC-B2-20160726","[1392608, 1356589, 1362745, 1355992, 1355993, 1396733]"
"CBN-PdlC-B2-20170816","[1355992, 1362745, 1392608, 1390846]"
"CBN-PdlC-B2-20170906","[1355992, 1550275]"
"CBN-PdlC-B2-20180702","[1355992, 1398824, 1363741]"
"CBN-PdlC-B2-20180723","[1355992, 1392608, 1396869]"
"CBN-PdlC-B2-20180815","[1355992, 1667464]"
"CBN-PdlC-B2-20180905","[1355992, 1741706, 1392608, 1394613]"
"CBN-PdlC-B2-20190701","[1395974]"
"CBN-PdlC-B2-20190722","[1478563, 1396869, 1400101, 1356669, 1396307, 1355992, 1355993, 1391869]"
"CBN-PdlC-B2-20190812","[1392608, 1722437, 1701831, 1394613, 1392662, 1361079, 1355992]"
"CBN-PdlC-B2-20190909","[1392608, 1355992]"
"CBN-PdlC-B2-20200629","[1390880, 1743924]"
"CBN-PdlC-B2-20200722","[1355992, 1392608, 1396869]"
"CBN-PdlC-B2-20200812","[1355992, 1742050, 1396869, 1361079]"
"CBN-PdlC-B3-20130807","[1362729, 1743971, 1743924, 1426085]"
"CBN-PdlC-B3-20130903","[1396869, 1395974]"
"CBN-PdlC-B3-20140721","[1394336, 1478563, 1396869, 1722444, 1743924, 1390934, 1363741]"
"CBN-PdlC-B3-20140811","[1364066, 1396869, 1393200, 1394643, 1395807]"
"CBN-PdlC-B3-20140901","[1393200, 1357577, 1391331, 1394540]"
"CBN-PdlC-B3-20150701","[1398824]"
"CBN-PdlC-B3-20150810","[1393314, 1394910]"
"CBN-PdlC-B3-20150831","[1391331, 1742052, 1357577, 1397046, 1412857]"
"CBN-PdlC-B3-20160705","[1393200, 1393314, 1744235]"
"CBN-PdlC-B3-20160726","[1393200]"
"CBN-PdlC-B3-20170816","[1391331, 1558164]"
"CBN-PdlC-B3-20170906","[1742052]"
"CBN-PdlC-B3-20180702","[1395974]"
"CBN-PdlC-B3-20180723","[1396869, 1701831, 1743913, 1722444, 1393200, 1394911]"
"CBN-PdlC-B3-20180815","[1742052]"
"CBN-PdlC-B3-20180905","[1412857, 1741834, 1363741, 1396869]"
"CBN-PdlC-B3-20190701","[1737655]"
"CBN-PdlC-B3-20190722","[1398816, 1742052, 1396869, 1398824, 1743913, 1722444, 1393200, 1743924]"
"CBN-PdlC-B3-20190812","[1393200]"
"CBN-PdlC-B3-20190909","[1396417, 1722437, 1396869]"
"CBN-PdlC-B3-20200629","[1390846]"
"CBN-PdlC-B3-20200722","[1394336, 1742052, 1396869, 1722444, 1393200, 1361079, 1412857]"
"CBN-PdlC-B3-20200812","[1393200, 1412857, 1742052, 1396869]"
"CBN-PdlC-B4-20130807","[1742052, 1677641, 1360591, 1394322, 1396185]"
"CBN-PdlC-B4-20130903","[1743299, 1646703, 1360591]"
"CBN-PdlC-B4-20140721","[1360591, 1646703]"
"CBN-PdlC-B4-20140811","[1397475]"
"CBN-PdlC-B4-20140901","[1397475, 1646703]"
"CBN-PdlC-B4-20150701","[]"
"CBN-PdlC-B4-20150810","[1389028, 1391412, 1646703, 1360591]"
"CBN-PdlC-B4-20150831","[1397475, 1646703, 1360591]"
"CBN-PdlC-B4-20160726","[1397475, 1395990, 1646703]"
"CBN-PdlC-B4-20170816","[1743984, 1397475, 1743299, 1646703]"
"CBN-PdlC-B4-20170906","[1743984, 1743299, 1646703]"
"CBN-PdlC-B4-20180702","[1394322, 1646703]"
"CBN-PdlC-B4-20180723","[1677641, 1394065, 1395990, 1360591]"
"CBN-PdlC-B4-20180815","[1646703]"
"CBN-PdlC-B4-20180905","[1360640, 1399738, 1646703]"
"CBN-PdlC-B4-20190701","[1391144, 1741903]"
"CBN-PdlC-B4-20190722","[1397475]"
"CBN-PdlC-B4-20190812","[1743984, 1355993, 1646703]"
"CBN-PdlC-B4-20190909","[1397475, 1743299, 1396869, 1646703, 1360591]"
"CBN-PdlC-B4-20200629","[1677641, 1397475, 1743299, 1646703]"
"CBN-PdlC-B4-20200722","[1360268, 1741903, 1646703]"
"CBN-PdlC-B4-20200812","[1398816, 1397475, 1396869, 1646703, 1743984]"
"CBN-PdlC-B5-20130807","[1394336, 1397475, 1418211, 1396869, 1478563, 1677641, 1743913, 1394540, 1722444, 1646703, 1394322, 1743924]"
"CBN-PdlC-B5-20130903","[1397475, 1741706, 1646703, 1360591, 1743801, 1395807]"
"CBN-PdlC-B5-20140630","[1396417, 1722437, 1743913, 1722444, 1743924, 1390934, 1361079, 1397942]"
"CBN-PdlC-B5-20140721","[1397475, 1489036, 1396094, 1360591]"
"CBN-PdlC-B5-20140811","[1390659, 1395807, 1397475]"
"CBN-PdlC-B5-20140901","[1677641, 1743299, 1397942, 1646703]"
"CBN-PdlC-B5-20150701","[1397475, 1400101, 1423913, 1677641, 1646703, 1360591, 1362228, 1397528, 1396185, 1392767]"
"CBN-PdlC-B5-20150720","[1519650, 1397475, 1677641, 1646703, 1395807]"
"CBN-PdlC-B5-20150810","[1389028, 1360591]"
"CBN-PdlC-B5-20150831","[1397475, 1361801, 1677641, 1646703, 1360591, 1395807]"
"CBN-PdlC-B5-20160705","[1397475, 1418211, 1677641, 1489036, 1360591, 1646703, 1741880]"
"CBN-PdlC-B5-20160726","[1397475, 1677641, 1646703, 1360501, 1395807]"
"CBN-PdlC-B5-20170816","[1360591, 1590997, 1361079]"
"CBN-PdlC-B5-20170906","[1397475, 1646703, 1360591]"
"CBN-PdlC-B5-20180702","[1394911]"
"CBN-PdlC-B5-20180723","[1397475, 1390966, 1360591]"
"CBN-PdlC-B5-20180815","[1397475, 1646703]"
"CBN-PdlC-B5-20180905","[1389028, 1396869, 1395870, 1360591]"
"CBN-PdlC-B5-20190701","[1395974]"
"CBN-PdlC-B5-20190722","[1396417, 1519650, 1397475, 1400101, 1396869, 1677641, 1743924, 1743801]"
"CBN-PdlC-B5-20190812","[1741706, 1397475, 1646703]"
"CBN-PdlC-B5-20190909","[1397475, 1397468, 1360591]"
"CBN-PdlC-B5-20200629","[1677641, 1495503, 1397475, 1360591]"
"CBN-PdlC-B5-20200722","[1519650, 1396869, 1356350, 1646703]"
"CBN-PdlC-B5-20200812","[1391144, 1357317, 1360591]"
"CBN-PdlC-B6-20130807","[1742115, 1390659, 1396869, 1393679, 1392662, 1361079]"
"CBN-PdlC-B6-20130903","[1396869, 1395974, 1646703, 1360591, 1394366]"
"CBN-PdlC-B6-20140630","[1535234, 1741805, 1395974]"
"CBN-PdlC-B6-20140721","[1394540, 1363741, 1359511]"
"CBN-PdlC-B6-20140811","[1361801, 1413421, 1395807, 1359511]"
"CBN-PdlC-B6-20140901","[1394540, 1426085]"
"CBN-PdlC-B6-20150701","[1392767, 1361031]"
"CBN-PdlC-B6-20150720","[1395152, 1742523, 1396869]"
"CBN-PdlC-B6-20150810","[1481537, 1397475, 1512231]"
"CBN-PdlC-B6-20150831","[1394999, 1390846, 1395990]"
"CBN-PdlC-B6-20160705","[1360595, 1418211]"
"CBN-PdlC-B6-20160726","[1743396, 1743924, 1395990, 1361079]"
"CBN-PdlC-B6-20170816","[1741706, 1512231, 1628790, 1395990]"
"CBN-PdlC-B6-20170906","[1394336, 1398816, 1396869, 1701831, 1743913, 1743924, 1397942]"
"CBN-PdlC-B6-20180702","[1402995, 1394911]"
"CBN-PdlC-B6-20180723","[1395974]"
"CBN-PdlC-B6-20180905","[1360591]"
"CBN-PdlC-B6-20190701","[1395974, 1360110, 1393200, 1394270, 1394911]"
"CBN-PdlC-B6-20190722","[1356356, 1360501]"
"CBN-PdlC-B6-20190812","[1741706]"
"CBN-PdlC-B6-20190909","[1741706, 1393946, 1395974]"
"CBN-PdlC-B6-20200629","[1646703]"
"CBN-PdlC-B6-20200722","[1393824]"
"CBN-PdlC-B6-20200812","[1395807]"
"CBN-PdlC-C1-20130807","[1396869, 1701831, 1361079, 1355992, 1359835, 1397500]"
"CBN-PdlC-C1-20130903","[1396869, 1363630]"
"CBN-PdlC-C1-20140721","[1398824, 1402995, 1360563, 1721018, 1397500, 1363741]"
"CBN-PdlC-C1-20140811","[1393200, 1395807]"
"CBN-PdlC-C1-20140901","[1361296, 1388913]"
"CBN-PdlC-C1-20150701","[1397500]"
"CBN-PdlC-C1-20150720","[1392626, 1397500, 1359511]"
"CBN-PdlC-C1-20150810","[1393200, 1362228, 1512231, 1359511]"
"CBN-PdlC-C1-20150831","[1741706]"
"CBN-PdlC-C1-20160705","[]"
"CBN-PdlC-C1-20160726","[]"
"CBN-PdlC-C1-20170816","[1741706, 1395807]"
"CBN-PdlC-C1-20170906","[1741706]"
"CBN-PdlC-C1-20180723","[1393200, 1393564]"
"CBN-PdlC-C1-20180815","[]"
"CBN-PdlC-C1-20180905","[1741706, 1359511]"
"CBN-PdlC-C1-20190701","[1358496, 1621524, 1722437, 1722444]"
"CBN-PdlC-C1-20190722","[1393200, 1741706, 1396869]"
"CBN-PdlC-C1-20190812","[1741706]"
"CBN-PdlC-C1-20190909","[]"
"CBN-PdlC-C1-20200722","[1393200, 1397500, 1392535]"
"CBN-PdlC-C1-20200812","[1393200, 1743938, 1397500, 1396869]"
"CBN-PdlC-C2-20130903","[1396869, 1741706, 1360268, 1360591, 1398644, 1412857]"
"CBN-PdlC-C2-20140721","[1743396, 1737655, 1402995, 1743924, 1361079]"
"CBN-PdlC-C2-20140811","[1397528, 1412857, 1392535]"
"CBN-PdlC-C2-20140901","[1412857]"
"CBN-PdlC-C2-20150701","[1722444]"
"CBN-PdlC-C2-20150720","[1412857]"
"CBN-PdlC-C2-20150810","[1412857]"
"CBN-PdlC-C2-20150831","[1412857]"
"CBN-PdlC-C2-20160705","[1356424, 1412857]"
"CBN-PdlC-C2-20160726","[1396869, 1392553, 1549015, 1741706, 1722444, 1392534, 1392535, 1412857]"
"CBN-PdlC-C2-20170816","[1396869]"
"CBN-PdlC-C2-20170906","[]"
"CBN-PdlC-C2-20180723","[1394725, 1396869, 1397046]"
"CBN-PdlC-C2-20180815","[1741706, 1489036, 1396869, 1395990]"
"CBN-PdlC-C2-20180905","[1397535]"
"CBN-PdlC-C2-20190701","[1742099]"
"CBN-PdlC-C2-20190722","[1412857, 1519650, 1622901, 1396869]"
"CBN-PdlC-C2-20190812","[1398824, 1741706, 1363741]"
"CBN-PdlC-C2-20190909","[1741706, 1391331, 1609716]"
"CBN-PdlC-C2-20200722","[1393200, 1412857, 1742052, 1396869]"
"CBN-PdlC-C2-20200812","[1361347, 1391331, 1396869, 1393200, 1419225]"
"CBN-PdlC-C3-20130807","[1360140]"
"CBN-PdlC-C3-20130903","[1396869, 1743913, 1356589, 1395990, 1412857]"
"CBN-PdlC-C3-20140721","[1393200, 1363741]"
"CBN-PdlC-C3-20140811","[1355992, 1412857, 1363741, 1396869]"
"CBN-PdlC-C3-20140901","[1396869, 1502503]"
"CBN-PdlC-C3-20150701","[1363741]"
"CBN-PdlC-C3-20150720","[1741880, 1363741, 1396869]"
"CBN-PdlC-C3-20150831","[1392662, 1361079]"
"CBN-PdlC-C3-20160705","[]"
"CBN-PdlC-C3-20160726","[1394540, 1363741, 1396869]"
"CBN-PdlC-C3-20170816","[1652912, 1392626, 1396869]"
"CBN-PdlC-C3-20170906","[1651162]"
"CBN-PdlC-C3-20180723","[1741880, 1391331, 1396869, 1390887]"
"CBN-PdlC-C3-20180815","[1391891, 1512231]"
"CBN-PdlC-C3-20180905","[1396253, 1402995, 1363741, 1359511]"
"CBN-PdlC-C3-20190701","[1355992]"
"CBN-PdlC-C3-20190722","[1392626, 1394540, 1356669, 1394911]"
"CBN-PdlC-C3-20190812","[]"
"CBN-PdlC-C3-20190909","[1741706, 1363741, 1396869, 1701831]"
"CBN-PdlC-C3-20200722","[1391605, 1396869, 1744190]"
"CBN-PdlC-C3-20200812","[1396869]"
"CBN-PdlC-C4-20130807","[1396869]"
"CBN-PdlC-C4-20130903","[1396869, 1395990, 1395974]"
"CBN-PdlC-C4-20140721","[1478563]"
"CBN-PdlC-C4-20140811","[1393946, 1396869, 1395807]"
"CBN-PdlC-C4-20140901","[1392608, 1396857, 1396869, 1361079]"
"CBN-PdlC-C4-20150701","[1356359]"
"CBN-PdlC-C4-20150720","[1489036, 1396869, 1362228]"
"CBN-PdlC-C4-20150831","[1519650, 1396869]"
"CBN-PdlC-C4-20160705","[1393200, 1390793, 1390846]"
"CBN-PdlC-C4-20160726","[]"
"CBN-PdlC-C4-20170816","[]"
"CBN-PdlC-C4-20170906","[]"
"CBN-PdlC-C4-20180723","[1390657, 1393245, 1396869]"
"CBN-PdlC-C4-20180815","[1390345, 1512231]"
"CBN-PdlC-C4-20180905","[]"
"CBN-PdlC-C4-20190701","[1395974]"
"CBN-PdlC-C4-20190722","[1742052]"
"CBN-PdlC-C4-20190812","[1393824, 1741706, 1395807]"
"CBN-PdlC-C4-20190909","[]"
"CBN-PdlC-C4-20200722","[1396869, 1395974, 1397046, 1363420, 1363741]"
"CBN-PdlC-C4-20200812","[1391331, 1395974]"
"CBN-PdlC-C5-20130807","[1359835, 1478563, 1396869, 1390846]"
"CBN-PdlC-C5-20130903","[1397468, 1396869]"
"CBN-PdlC-C5-20140721","[1393314, 1361389, 1394416, 1402995, 1363741]"
"CBN-PdlC-C5-20140811","[1396733, 1397043, 1363741, 1396869]"
"CBN-PdlC-C5-20140901","[1396857]"
"CBN-PdlC-C5-20150701","[1393314, 1363741, 1361389, 1361382]"
"CBN-PdlC-C5-20150720","[1360840, 1519650, 1394540, 1363741]"
"CBN-PdlC-C5-20150810","[]"
"CBN-PdlC-C5-20150831","[]"
"CBN-PdlC-C5-20160705","[1390793, 1393314, 1359511]"
"CBN-PdlC-C5-20160726","[1392608, 1392626, 1393824]"
"CBN-PdlC-C5-20170816","[1743971, 1357317, 1359883, 1359511, 1393946]"
"CBN-PdlC-C5-20170906","[]"
"CBN-PdlC-C5-20180723","[1396185, 1395807]"
"CBN-PdlC-C5-20180815","[1358010, 1393245, 1394366]"
"CBN-PdlC-C5-20180905","[1359511]"
"CBN-PdlC-C5-20190701","[]"
"CBN-PdlC-C5-20190722","[1392608, 1519650, 1363741]"
"CBN-PdlC-C5-20190812","[1741706]"
"CBN-PdlC-C5-20190909","[1355992, 1395807]"
"CBN-PdlC-C5-20200722","[1392626, 1418211, 1396869, 1363741]"
"CBN-PdlC-C5-20200812","[1396857]"
"CBN-PdlC-C6-20130807","[1396869, 1741834, 1394540, 1396733, 1390846]"
"CBN-PdlC-C6-20130903","[1399096, 1396869, 1393200, 1355992, 1395868]"
"CBN-PdlC-C6-20140721","[1394336, 1363741, 1701831]"
"CBN-PdlC-C6-20140811","[1395807]"
"CBN-PdlC-C6-20140901","[1394336, 1396869, 1502503, 1701831, 1361079, 1390898, 1392662, 1396471, 1396857, 1393946]"
"CBN-PdlC-C6-20150701","[1393314, 1363741, 1361382]"
"CBN-PdlC-C6-20150720","[1363741]"
"CBN-PdlC-C6-20150810","[]"
"CBN-PdlC-C6-20150831","[1390793, 1394641, 1411089]"
"CBN-PdlC-C6-20160705","[1390793]"
"CBN-PdlC-C6-20160726","[1392626, 1394540, 1363741]"
"CBN-PdlC-C6-20170816","[1392626, 1397500]"
"CBN-PdlC-C6-20170906","[]"
"CBN-PdlC-C6-20180723","[]"
"CBN-PdlC-C6-20180815","[]"
"CBN-PdlC-C6-20180905","[1359511]"
"CBN-PdlC-C6-20190701","[]"
"CBN-PdlC-C6-20190722","[1393200, 1363741]"
"CBN-PdlC-C6-20190812","[1392608, 1357317, 1363741]"
"CBN-PdlC-C6-20190909","[1362482]"
"CBN-PdlC-C6-20200722","[1392608, 1396869, 1360269, 1392626, 1473210, 1363741, 1395807]"
"CBN-PdlC-C6-20200812","[1396253, 1396869, 1356042, 1355992, 1363741, 1395807]"
"CBN-PdlC-D1-20130807","[1741706, 1360205, 1392767]"
"CBN-PdlC-D1-20130903","[1356589, 1489036, 1396869, 1395807]"
"CBN-PdlC-D1-20140721","[1396253, 1363741]"
"CBN-PdlC-D1-20140811","[1396253, 1396869, 1363741, 1394366, 1395807]"
"CBN-PdlC-D1-20140901","[1396869, 1741708, 1390802, 1358010, 1396253]"
"CBN-PdlC-D1-20150701","[1396253]"
"CBN-PdlC-D1-20150720","[1397528, 1741706, 1396253]"
"CBN-PdlC-D1-20150810","[1398569, 1390690, 1396253]"
"CBN-PdlC-D1-20150831","[1742052, 1396253]"
"CBN-PdlC-D1-20160705","[1396094]"
"CBN-PdlC-D1-20160726","[]"
"CBN-PdlC-D1-20170816","[1741706, 1395807]"
"CBN-PdlC-D1-20170906","[]"
"CBN-PdlC-D1-20180723","[1743924, 1396869, 1392662, 1361079]"
"CBN-PdlC-D1-20180815","[1396869, 1396471, 1743924, 1361079, 1355992]"
"CBN-PdlC-D1-20180905","[1396253]"
"CBN-PdlC-D1-20190701","[1363741]"
"CBN-PdlC-D1-20190722","[1622901, 1396869, 1392662, 1395807]"
"CBN-PdlC-D1-20190812","[1393810, 1396253, 1361079]"
"CBN-PdlC-D1-20190909","[1622895]"
"CBN-PdlC-D1-20200722","[1396869, 1743397, 1392662, 1396471, 1361079, 1396253]"
"CBN-PdlC-D1-20200812","[1502503, 1396253, 1395807]"
"CBN-PdlC-D2-20130807","[1396737, 1478563, 1396869, 1356399, 1362066, 1396471]"
"CBN-PdlC-D2-20130903","[1412857]"
"CBN-PdlC-D2-20140721","[1743913, 1478563, 1363741, 1396869]"
"CBN-PdlC-D2-20140811","[1412857, 1396253]"
"CBN-PdlC-D2-20140901","[1412857, 1396869]"
"CBN-PdlC-D2-20150720","[1396869, 1391092, 1361079, 1355992, 1396253]"
"CBN-PdlC-D2-20150810","[1412857]"
"CBN-PdlC-D2-20150831","[1742053, 1390793, 1363056, 1394641, 1412857, 1396253]"
"CBN-PdlC-D2-20160705","[1398816, 1396737, 1402995, 1359511, 1396253, 1390846, 1397535]"
"CBN-PdlC-D2-20160726","[1398824]"
"CBN-PdlC-D2-20170816","[1742052, 1390793, 1394641, 1394643, 1391092, 1394581, 1392662, 1412857]"
"CBN-PdlC-D2-20170906","[1396253]"
"CBN-PdlC-D2-20180723","[1396253, 1391331, 1396869, 1701831, 1743924, 1396471, 1355992, 1412857, 1622908, 1363741, 1390846]"
"CBN-PdlC-D2-20180815","[1396253, 1396869]"
"CBN-PdlC-D2-20180905","[1412857]"
"CBN-PdlC-D2-20190701","[1398824]"
"CBN-PdlC-D2-20190722","[1519650, 1396869, 1363741, 1391313, 1412857, 1396253]"
"CBN-PdlC-D2-20190812","[1742052, 1742053, 1398824, 1741706, 1359853, 1361079, 1396253]"
"CBN-PdlC-D2-20190909","[1412857, 1396253]"
"CBN-PdlC-D2-20200722","[1393824, 1396869, 1363741, 1392631, 1396253]"
"CBN-PdlC-D2-20200812","[1742052, 1396869, 1394641, 1392565, 1412857, 1396253]"
"CBN-PdlC-D3-20130807","[1647170, 1741706]"
"CBN-PdlC-D3-20130903","[1647187, 1389815]"
"CBN-PdlC-D3-20140721","[1360563]"
"CBN-PdlC-D3-20140811","[1358463]"
"CBN-PdlC-D3-20140901","[1722444, 1396869, 1361079]"
"CBN-PdlC-D3-20150701","[1396869]"
"CBN-PdlC-D3-20150720","[1647187]"
"CBN-PdlC-D3-20150831","[1396869, 1357608, 1390793, 1647187, 1361079, 1412857]"
"CBN-PdlC-D3-20160705","[]"
"CBN-PdlC-D3-20160726","[1394641, 1413349, 1356278, 1549015]"
"CBN-PdlC-D3-20170816","[1390793]"
"CBN-PdlC-D3-20170906","[1390793, 1741706, 1396471, 1361079, 1361402]"
"CBN-PdlC-D3-20180723","[1396408, 1396869]"
"CBN-PdlC-D3-20180815","[1396869]"
"CBN-PdlC-D3-20180905","[1394336, 1396869, 1701831, 1359511, 1361389, 1390898, 1392662, 1361079, 1355992, 1363741]"
"CBN-PdlC-D3-20190701","[1357928, 1398824]"
"CBN-PdlC-D3-20190722","[1412857, 1742052, 1396869, 1397046]"
"CBN-PdlC-D3-20190812","[1647187, 1360563]"
"CBN-PdlC-D3-20190909","[1390793, 1391331, 1412857, 1358463]"
"CBN-PdlC-D3-20200722","[1744194, 1391331, 1396869, 1701831, 1392662, 1358463]"
"CBN-PdlC-D3-20200812","[1647187, 1396869]"
"CBN-PdlC-D4-20130807","[1355992]"
"CBN-PdlC-D4-20130903","[1396869, 1701831, 1358463, 1355992, 1395807]"
"CBN-PdlC-D4-20140721","[1393314, 1361382, 1363741, 1396253, 1396094]"
"CBN-PdlC-D4-20140811","[1396869, 1395807]"
"CBN-PdlC-D4-20140901","[1410243, 1396869, 1359511, 1442193, 1361079]"
"CBN-PdlC-D4-20150701","[1397046]"
"CBN-PdlC-D4-20150720","[1741880, 1395807]"
"CBN-PdlC-D4-20150831","[1394336, 1396869, 1502503, 1701831, 1361079, 1355992]"
"CBN-PdlC-D4-20160705","[1396737, 1396094]"
"CBN-PdlC-D4-20160726","[1519650, 1363741]"
"CBN-PdlC-D4-20170816","[]"
"CBN-PdlC-D4-20170906","[]"
"CBN-PdlC-D4-20180723","[1397046, 1363741, 1396869]"
"CBN-PdlC-D4-20180815","[1741600, 1394366]"
"CBN-PdlC-D4-20180905","[1396253, 1426085, 1360563, 1359511, 1360312, 1363741]"
"CBN-PdlC-D4-20190701","[1394336, 1392193, 1743465, 1722444, 1394613, 1737655]"
"CBN-PdlC-D4-20190722","[1392608, 1396869, 1392662, 1397528, 1363741]"
"CBN-PdlC-D4-20190812","[1478563, 1396869, 1741706, 1363741, 1396253]"
"CBN-PdlC-D4-20190909","[1741706, 1489036, 1397528, 1395870, 1395807]"
"CBN-PdlC-D4-20200722","[1363741, 1360269, 1395807]"
"CBN-PdlC-D4-20200812","[1393245, 1396869, 1512231]"
"CBN-PdlC-D5-20130807","[1357317]"
"CBN-PdlC-D5-20130903","[1392608, 1396869, 1355992]"
"CBN-PdlC-D5-20140721","[1478563, 1361382, 1402995, 1363741, 1390846]"
"CBN-PdlC-D5-20140811","[1392608, 1392299, 1361079, 1355992, 1396733, 1395807]"
"CBN-PdlC-D5-20140901","[]"
"CBN-PdlC-D5-20150701","[1393314]"
"CBN-PdlC-D5-20150720","[1394540, 1394999, 1361079, 1363741, 1395807]"
"CBN-PdlC-D5-20150810","[1360269]"
"CBN-PdlC-D5-20150831","[1396869, 1701831, 1743913, 1743924, 1395990, 1361079, 1355992, 1392662, 1414365]"
"CBN-PdlC-D5-20160705","[1396094]"
"CBN-PdlC-D5-20160726","[1392611, 1394877, 1396869, 1395807]"
"CBN-PdlC-D5-20170816","[1651162, 1741834, 1706074, 1396869]"
"CBN-PdlC-D5-20170906","[1741706, 1396471, 1495503]"
"CBN-PdlC-D5-20180723","[1392608, 1393200]"
"CBN-PdlC-D5-20180815","[1741601, 1381315, 1743397, 1396869, 1397490, 1359511]"
"CBN-PdlC-D5-20180905","[1359511]"
"CBN-PdlC-D5-20190701","[1396869, 1743913, 1722444, 1394613, 1355992, 1358492]"
"CBN-PdlC-D5-20190722","[1355992, 1396869, 1392535]"
"CBN-PdlC-D5-20190812","[1356129, 1519650, 1478563, 1359511, 1356669]"
"CBN-PdlC-D5-20190909","[1355992, 1390898]"
"CBN-PdlC-D5-20200722","[1363741, 1396307, 1396869, 1418211]"
"CBN-PdlC-D5-20200812","[1396869, 1363507, 1355992, 1359483, 1363741]"
"CBN-PdlC-D6-20130807","[1741880, 1489036, 1392767]"
"CBN-PdlC-D6-20130903","[1489036]"
"CBN-PdlC-D6-20140721","[1722444, 1363741, 1390846]"
"CBN-PdlC-D6-20140811","[1397043, 1396869, 1395807]"
"CBN-PdlC-D6-20140901","[1396857, 1359835, 1396869, 1361079]"
"CBN-PdlC-D6-20150701","[1393314, 1363741, 1361382]"
"CBN-PdlC-D6-20150720","[1393564, 1394540, 1363741, 1395807]"
"CBN-PdlC-D6-20150810","[1393314, 1396869, 1512231, 1356589, 1397528, 1392767]"
"CBN-PdlC-D6-20150831","[1519650, 1395807]"
"CBN-PdlC-D6-20160705","[1396094, 1722444, 1390846]"
"CBN-PdlC-D6-20160726","[1396869, 1394540, 1392626, 1362228, 1397500, 1363741]"
"CBN-PdlC-D6-20170816","[1392626]"
"CBN-PdlC-D6-20170906","[]"
"CBN-PdlC-D6-20180723","[1418211, 1396869]"
"CBN-PdlC-D6-20180815","[1519650, 1396869, 1722407, 1502503, 1418380, 1743924, 1396471, 1355992, 1622908]"
"CBN-PdlC-D6-20180905","[1359511]"
"CBN-PdlC-D6-20190701","[1392193, 1356359, 1743913, 1361514, 1743924, 1394613, 1396471, 1355992]"
"CBN-PdlC-D6-20190722","[1363138, 1397043, 1393564, 1392767]"
"CBN-PdlC-D6-20190812","[1363741]"
"CBN-PdlC-D6-20190909","[1649856, 1395807]"
"CBN-PdlC-D6-20200722","[1363741, 1394540, 1396869]"
"CBN-PdlC-D6-20200812","[1356370, 1396118]"
"CBN-PdlC-E1-20130723","[1743397, 1356424, 1722444, 1390934, 1393946, 1397535]"
"CBN-PdlC-E1-20130807","[1355992, 1393245, 1361389, 1396869]"
"CBN-PdlC-E1-20130903","[1393314, 1391331, 1396869, 1390793, 1391310, 1396974, 1395990, 1392535, 1390904, 1397046, 1395870]"
"CBN-PdlC-E1-20140630","[1392608, 1396869, 1357928, 1743913, 1741834, 1360299, 1743924, 1355992]"
"CBN-PdlC-E1-20140721","[1363741, 1396869, 1396295]"
"CBN-PdlC-E1-20140811","[1392608, 1395870, 1395807]"
"CBN-PdlC-E1-20140901","[1392608, 1741834]"
"CBN-PdlC-E1-20150701","[1392608, 1418211, 1392611]"
"CBN-PdlC-E1-20150720","[1392608, 1393224, 1741706, 1392626, 1609716]"
"CBN-PdlC-E1-20150810","[1392608, 1393200, 1400101, 1397551]"
"CBN-PdlC-E1-20150831","[1392608, 1390793, 1609716, 1363741]"
"CBN-PdlC-E1-20160705","[1393824, 1396869, 1355993, 1363741, 1358654]"
"CBN-PdlC-E1-20160726","[]"
"CBN-PdlC-E1-20170816","[1394840, 1741706]"
"CBN-PdlC-E1-20170906","[1651162]"
"CBN-PdlC-E1-20180702","[1356359, 1397535]"
"CBN-PdlC-E1-20180723","[]"
"CBN-PdlC-E1-20180815","[1392608, 1397468]"
"CBN-PdlC-E1-20180905","[]"
"CBN-PdlC-E1-20190701","[1397524, 1396869, 1397046]"
"CBN-PdlC-E1-20190812","[1390821]"
"CBN-PdlC-E1-20190909","[1394416, 1390793, 1390904]"
"CBN-PdlC-E1-20200629","[]"
"CBN-PdlC-E1-20200722","[1392608, 1355993, 1355992]"
"CBN-PdlC-E1-20200812","[1392608, 1397046]"
"CBN-PdlC-E2-20130723","[]"
"CBN-PdlC-E2-20130807","[1397528, 1396869]"
"CBN-PdlC-E2-20130903","[1396857, 1706074, 1412857, 1453566]"
"CBN-PdlC-E2-20140630","[1393619]"
"CBN-PdlC-E2-20140721","[1390898, 1359835, 1396869, 1390846]"
"CBN-PdlC-E2-20140811","[1396733, 1395807]"
"CBN-PdlC-E2-20140901","[1397513, 1743393, 1395990, 1395807]"
"CBN-PdlC-E2-20150720","[1397524]"
"CBN-PdlC-E2-20150810","[1391331]"
"CBN-PdlC-E2-20150831","[1609716, 1396869, 1392662, 1701831]"
"CBN-PdlC-E2-20160705","[1664563, 1396869, 1495503]"
"CBN-PdlC-E2-20160726","[]"
"CBN-PdlC-E2-20170816","[1512231]"
"CBN-PdlC-E2-20170906","[1495503]"
"CBN-PdlC-E2-20180702","[1393946]"
"CBN-PdlC-E2-20180723","[1396869]"
"CBN-PdlC-E2-20180815","[1622895]"
"CBN-PdlC-E2-20180905","[1389815]"
"CBN-PdlC-E2-20190701","[1397524, 1396869]"
"CBN-PdlC-E2-20190812","[]"
"CBN-PdlC-E2-20190909","[1397468]"
"CBN-PdlC-E2-20200629","[1396094]"
"CBN-PdlC-E2-20200722","[1359835]"
"CBN-PdlC-E2-20200812","[]"
"CBN-PdlC-E3-20130723","[1394416, 1363550, 1397535]"
"CBN-PdlC-E3-20130807","[1390898, 1392662]"
"CBN-PdlC-E3-20130903","[1706074, 1396717]"
"CBN-PdlC-E3-20140630","[1396417, 1743396, 1722444, 1743924, 1737655]"
"CBN-PdlC-E3-20140721","[1394416, 1363741, 1396869]"
"CBN-PdlC-E3-20140811","[1393824, 1396253, 1396869, 1361079]"
"CBN-PdlC-E3-20140901","[1360748]"
"CBN-PdlC-E3-20150701","[1392626, 1519650, 1396869, 1549015]"
"CBN-PdlC-E3-20150720","[1706074]"
"CBN-PdlC-E3-20150810","[]"
"CBN-PdlC-E3-20150831","[]"
"CBN-PdlC-E3-20160705","[1359835]"
"CBN-PdlC-E3-20160726","[1362995]"
"CBN-PdlC-E3-20170816","[]"
"CBN-PdlC-E3-20170906","[1651162]"
"CBN-PdlC-E3-20180702","[1659226, 1363741]"
"CBN-PdlC-E3-20180723","[1722407]"
"CBN-PdlC-E3-20180815","[]"
"CBN-PdlC-E3-20180905","[1394416]"
"CBN-PdlC-E3-20190701","[1394908, 1397524]"
"CBN-PdlC-E3-20190812","[1390898, 1361092]"
"CBN-PdlC-E3-20190909","[]"
"CBN-PdlC-E3-20200629","[1396869, 1397535]"
"CBN-PdlC-E3-20200722","[1393681, 1393665]"
"CBN-PdlC-E3-20200812","[1722407]"
"CBN-PdlC-E4-20130807","[1743971, 1396869]"
"CBN-PdlC-E4-20130903","[1622895]"
"CBN-PdlC-E4-20140630","[1355992]"
"CBN-PdlC-E4-20140721","[1397046, 1394540, 1363741, 1396869]"
"CBN-PdlC-E4-20140811","[1396253, 1396869, 1701831, 1743913, 1363741, 1743247, 1743924, 1355992, 1393946, 1396733, 1395807]"
"CBN-PdlC-E4-20140901","[1393224, 1396253]"
"CBN-PdlC-E4-20150701","[1741880, 1396869]"
"CBN-PdlC-E4-20150720","[1741880, 1359531, 1396869, 1743971]"
"CBN-PdlC-E4-20150810","[]"
"CBN-PdlC-E4-20160705","[1394360, 1359835, 1392535]"
"CBN-PdlC-E4-20160726","[]"
"CBN-PdlC-E4-20170816","[]"
"CBN-PdlC-E4-20170906","[]"
"CBN-PdlC-E4-20180702","[]"
"CBN-PdlC-E4-20180723","[1722407]"
"CBN-PdlC-E4-20180815","[1386562, 1391331]"
"CBN-PdlC-E4-20180905","[1390898]"
"CBN-PdlC-E4-20190701","[1396869, 1397046]"
"CBN-PdlC-E4-20190812","[]"
"CBN-PdlC-E4-20190909","[1396900, 1609716]"
"CBN-PdlC-E4-20200629","[1393665, 1391331, 1362730, 1397535, 1396094, 1394911]"
"CBN-PdlC-E4-20200722","[1393665, 1396869]"
"CBN-PdlC-E4-20200812","[1741624, 1647187, 1355992]"
"CBN-PdlC-E5-20130723","[1393200]"
"CBN-PdlC-E5-20130807","[1392608, 1396733]"
"CBN-PdlC-E5-20130903","[1396296, 1390898, 1363741]"
"CBN-PdlC-E5-20140630","[1392608, 1393200, 1360299]"
"CBN-PdlC-E5-20140721","[1398824, 1393200, 1363741, 1397046]"
"CBN-PdlC-E5-20140811","[1392608, 1392611, 1396869, 1701831, 1393200]"
"CBN-PdlC-E5-20150720","[1392608, 1743971, 1396869, 1360299, 1393549, 1393200, 1363741, 1395807]"
"CBN-PdlC-E5-20150810","[1392608]"
"CBN-PdlC-E5-20150831","[1392608, 1360299]"
"CBN-PdlC-E5-20160705","[1393200, 1359835, 1397046]"
"CBN-PdlC-E5-20160726","[1398824]"
"CBN-PdlC-E5-20170816","[1360299]"
"CBN-PdlC-E5-20170906","[]"
"CBN-PdlC-E5-20180702","[]"
"CBN-PdlC-E5-20180723","[1393200, 1362745]"
"CBN-PdlC-E5-20180815","[1355992, 1392608, 1396307, 1396869]"
"CBN-PdlC-E5-20180905","[1360299]"
"CBN-PdlC-E5-20190722","[1392608, 1393200, 1396869]"
"CBN-PdlC-E5-20190812","[1390793, 1741706, 1396253]"
"CBN-PdlC-E5-20190909","[1394336, 1390793, 1360299, 1392193]"
"CBN-PdlC-E5-20200629","[1393200, 1392608, 1363741, 1397535]"
"CBN-PdlC-E5-20200722","[1392608, 1393200, 1392611]"
"CBN-PdlC-E5-20200812","[1392608, 1741706, 1393200]"
"CBN-PdlC-E6-20130723","[]"
"CBN-PdlC-E6-20130807","[1393810]"
"CBN-PdlC-E6-20130903","[1396857, 1361389]"
"CBN-PdlC-E6-20140630","[]"
"CBN-PdlC-E6-20140721","[1393810, 1360563]"
"CBN-PdlC-E6-20140811","[1396733, 1396253, 1395807]"
"CBN-PdlC-E6-20150701","[1418211, 1363741, 1359835]"
"CBN-PdlC-E6-20150720","[1359531, 1363741, 1743971]"
"CBN-PdlC-E6-20150810","[1418211, 1512231]"
"CBN-PdlC-E6-20150831","[1390904, 1395807]"
"CBN-PdlC-E6-20160705","[1395990]"
"CBN-PdlC-E6-20160726","[1741706, 1743971]"
"CBN-PdlC-E6-20170816","[1741706, 1396253]"
"CBN-PdlC-E6-20170906","[]"
"CBN-PdlC-E6-20180702","[1402995, 1390532]"
"CBN-PdlC-E6-20180723","[1393200, 1393245]"
"CBN-PdlC-E6-20180815","[1364025, 1396253, 1426005]"
"CBN-PdlC-E6-20180905","[1517350]"
"CBN-PdlC-E6-20190722","[1743971, 1396843, 1396869]"
"CBN-PdlC-E6-20190812","[1741706, 1742523]"
"CBN-PdlC-E6-20190909","[1394336, 1392608, 1357988, 1396869, 1390793, 1722444, 1397942, 1355992]"
"CBN-PdlC-E6-20200629","[1391331, 1418211, 1402995, 1388915, 1363741, 1396094, 1397535]"
"CBN-PdlC-E6-20200722","[1391331, 1396843, 1363741, 1396869]"
"CBN-PdlC-E6-20200812","[1590997, 1396253]"
"CBN-PdlC-F1-20130723","[1392193, 1396869, 1741834, 1744235, 1743924, 1396185]"
"CBN-PdlC-F1-20130807","[1394336, 1393245, 1396869]"
"CBN-PdlC-F1-20130903","[1396869, 1360269, 1397046, 1741880, 1412857, 1395807]"
"CBN-PdlC-F1-20140630","[1397046, 1392565, 1396869, 1737655]"
"CBN-PdlC-F1-20140721","[1398824, 1396869]"
"CBN-PdlC-F1-20140811","[1741880, 1741706, 1396869, 1395807]"
"CBN-PdlC-F1-20140901","[1396869, 1701831, 1391310, 1395990, 1396733]"
"CBN-PdlC-F1-20150701","[1390657, 1396869, 1394540, 1397046, 1392535]"
"CBN-PdlC-F1-20150720","[1396253, 1363741, 1400110]"
"CBN-PdlC-F1-20150810","[1609716, 1393245, 1395807]"
"CBN-PdlC-F1-20150831","[1741880, 1609716, 1395807]"
"CBN-PdlC-F1-20160705","[1360563, 1396253]"
"CBN-PdlC-F1-20160726","[1393824, 1364066, 1390793, 1360435, 1396253]"
"CBN-PdlC-F1-20170816","[1396869]"
"CBN-PdlC-F1-20170906","[1495503]"
"CBN-PdlC-F1-20180702","[1396094]"
"CBN-PdlC-F1-20180723","[1397528, 1741880, 1396869]"
"CBN-PdlC-F1-20180815","[]"
"CBN-PdlC-F1-20180905","[1390532, 1396869, 1397535]"
"CBN-PdlC-F1-20190701","[1741880, 1397046]"
"CBN-PdlC-F1-20190812","[]"
"CBN-PdlC-F1-20190909","[1397046, 1495503]"
"CBN-PdlC-F1-20200629","[1356424, 1394603, 1741880, 1396094, 1397535]"
"CBN-PdlC-F1-20200722","[1394540, 1396869]"
"CBN-PdlC-F1-20200812","[1396869, 1396471, 1361079, 1741880, 1396253]"
"CBN-PdlC-F2-20130723","[1396253]"
"CBN-PdlC-F2-20130807","[1609716, 1390641, 1396425, 1393710]"
"CBN-PdlC-F2-20130903","[1741880, 1395807]"
"CBN-PdlC-F2-20140630","[1355992, 1609716, 1390934]"
"CBN-PdlC-F2-20140721","[1397528, 1395942]"
"CBN-PdlC-F2-20140811","[1395990, 1395807]"
"CBN-PdlC-F2-20140901","[1356356, 1397046, 1395990, 1741880, 1395870]"
"CBN-PdlC-F2-20150701","[1741880]"
"CBN-PdlC-F2-20150720","[1363741]"
"CBN-PdlC-F2-20150810","[1357608, 1529289, 1495503, 1609716, 1397046, 1721018, 1393564]"
"CBN-PdlC-F2-20150831","[1609716, 1395807]"
"CBN-PdlC-F2-20160705","[]"
"CBN-PdlC-F2-20160726","[1519650]"
"CBN-PdlC-F2-20170906","[1394336, 1396253, 1495503]"
"CBN-PdlC-F2-20180702","[1722444, 1361077, 1392662]"
"CBN-PdlC-F2-20180723","[1394911]"
"CBN-PdlC-F2-20180815","[1396253]"
"CBN-PdlC-F2-20180905","[1394416]"
"CBN-PdlC-F2-20190701","[1394911, 1397043, 1363741, 1395870, 1397535]"
"CBN-PdlC-F2-20190812","[1393314, 1396869, 1392662]"
"CBN-PdlC-F2-20190909","[1393824, 1390793]"
"CBN-PdlC-F2-20200629","[1396858, 1361077, 1397535]"
"CBN-PdlC-F2-20200722","[1393824, 1363741]"
"CBN-PdlC-F2-20200812","[1397468, 1396869, 1395807]"
"CBN-PdlC-F3-20130723","[1361079, 1701831, 1743924, 1396471]"
"CBN-PdlC-F3-20130807","[]"
"CBN-PdlC-F3-20130903","[1392608, 1398816, 1743924]"
"CBN-PdlC-F3-20140630","[1394336, 1396417, 1701831, 1396471, 1722444, 1393200, 1743924, 1361079, 1355992, 1363741]"
"CBN-PdlC-F3-20140721","[1396869, 1722444, 1390807, 1361079, 1390846]"
"CBN-PdlC-F3-20140811","[1393824, 1392608, 1392299, 1397107, 1390495]"
"CBN-PdlC-F3-20140901","[1398824, 1363741, 1396869]"
"CBN-PdlC-F3-20150701","[1397524, 1361077]"
"CBN-PdlC-F3-20150720","[]"
"CBN-PdlC-F3-20150810","[1355992, 1722437, 1388766]"
"CBN-PdlC-F3-20150831","[]"
"CBN-PdlC-F3-20160705","[1393665]"
"CBN-PdlC-F3-20160726","[]"
"CBN-PdlC-F3-20170816","[]"
"CBN-PdlC-F3-20170906","[]"
"CBN-PdlC-F3-20180702","[]"
"CBN-PdlC-F3-20180723","[]"
"CBN-PdlC-F3-20180815","[]"
"CBN-PdlC-F3-20180905","[1394416]"
"CBN-PdlC-F3-20190701","[1396869, 1397046]"
"CBN-PdlC-F3-20190722","[1399548, 1396733]"
"CBN-PdlC-F3-20190812","[]"
"CBN-PdlC-F3-20190909","[1361389]"
"CBN-PdlC-F3-20200629","[1393665, 1397045, 1396471]"
"CBN-PdlC-F3-20200722","[]"
"CBN-PdlC-F3-20200812","[1396471]"
"CBN-PdlC-F4-20130723","[1363741]"
"CBN-PdlC-F4-20130807","[1741706, 1743971]"
"CBN-PdlC-F4-20130903","[1355992, 1396733, 1396869]"
"CBN-PdlC-F4-20140630","[1393200]"
"CBN-PdlC-F4-20140811","[1393200, 1396253, 1396869]"
"CBN-PdlC-F4-20140901","[1394336, 1393824, 1743971, 1396869, 1701831, 1502503, 1390898, 1392662, 1361079, 1355992]"
"CBN-PdlC-F4-20150701","[1392608, 1396869, 1363741, 1361723, 1396733]"
"CBN-PdlC-F4-20150720","[]"
"CBN-PdlC-F4-20150810","[1392608, 1362331]"
"CBN-PdlC-F4-20150831","[1392608, 1393824, 1743971, 1396869, 1392662, 1361079]"
"CBN-PdlC-F4-20160705","[1392611, 1364072, 1393684, 1393687, 1363741]"
"CBN-PdlC-F4-20160726","[1667464, 1359665]"
"CBN-PdlC-F4-20170816","[1743971]"
"CBN-PdlC-F4-20170906","[]"
"CBN-PdlC-F4-20180702","[1393200]"
"CBN-PdlC-F4-20180723","[1392608, 1396869]"
"CBN-PdlC-F4-20180815","[1392608]"
"CBN-PdlC-F4-20180905","[1396253]"
"CBN-PdlC-F4-20190701","[1396869]"
"CBN-PdlC-F4-20190722","[1392408, 1396843, 1737592]"
"CBN-PdlC-F4-20190812","[1392608]"
"CBN-PdlC-F4-20190909","[1392608, 1741834, 1361389, 1396869]"
"CBN-PdlC-F4-20200629","[1363016, 1393665]"
"CBN-PdlC-F4-20200722","[1393665]"
"CBN-PdlC-F4-20200812","[1355992, 1741706, 1392608, 1394463]"
"CBN-PdlC-F5-20130723","[1396869, 1666569, 1743247, 1394065, 1392662, 1394336, 1357988, 1743396, 1743397, 1502503, 1398184, 1743913, 1743924, 1394613, 1361079, 1737655, 1392193, 1396417, 1701831, 1722444, 1390934, 1355992, 1503192, 1361514, 1396471, 1622908]"
"CBN-PdlC-F5-20130903","[1390793]"
"CBN-PdlC-F5-20140630","[1396869, 1390846]"
"CBN-PdlC-F5-20140721","[1396869, 1397046]"
"CBN-PdlC-F5-20140811","[1392608, 1394336, 1394848, 1396417, 1742115, 1413349, 1396869, 1502503, 1701831, 1741834, 1396471, 1743247, 1737655, 1390898, 1390934, 1361079, 1355992, 1361402]"
"CBN-PdlC-F5-20150701","[1392608, 1392611, 1396869, 1359531, 1360299, 1396843, 1396253]"
"CBN-PdlC-F5-20150720","[1392626]"
"CBN-PdlC-F5-20150810","[1392608, 1363741]"
"CBN-PdlC-F5-20150831","[1396253]"
"CBN-PdlC-F5-20160705","[1390793, 1396869]"
"CBN-PdlC-F5-20160726","[1390793, 1392626, 1363741, 1396471]"
"CBN-PdlC-F5-20170816","[1390793, 1743971, 1396869]"
"CBN-PdlC-F5-20170906","[1396253]"
"CBN-PdlC-F5-20180702","[1363741, 1396869, 1397535]"
"CBN-PdlC-F5-20180723","[1396869]"
"CBN-PdlC-F5-20180815","[1741601, 1396869, 1395990, 1364024, 1396253]"
"CBN-PdlC-F5-20180905","[]"
"CBN-PdlC-F5-20190722","[1397046]"
"CBN-PdlC-F5-20190812","[1743971, 1363741]"
"CBN-PdlC-F5-20190909","[1390793]"
"CBN-PdlC-F5-20200629","[1397535]"
"CBN-PdlC-F5-20200722","[]"
"CBN-PdlC-F5-20200812","[1390793, 1519650, 1395990]"
"CBN-PdlC-F6-20130723","[1394336, 1743913, 1396869]"
"CBN-PdlC-F6-20130807","[]"
"CBN-PdlC-F6-20130903","[1390793, 1722437, 1396471]"
"CBN-PdlC-F6-20140630","[1393314, 1390820, 1390846, 1743924]"
"CBN-PdlC-F6-20140721","[1424208, 1397037, 1391509, 1722407]"
"CBN-PdlC-F6-20140811","[1413349, 1363741]"
"CBN-PdlC-F6-20150701","[1393314, 1396869, 1396843, 1393200, 1363741, 1743646, 1397535]"
"CBN-PdlC-F6-20150720","[1363741]"
"CBN-PdlC-F6-20150810","[1393314]"
"CBN-PdlC-F6-20150831","[1390904, 1392608]"
"CBN-PdlC-F6-20160705","[1394641]"
"CBN-PdlC-F6-20160726","[]"
"CBN-PdlC-F6-20170816","[1390793]"
"CBN-PdlC-F6-20170906","[1390793, 1361389, 1396471]"
"CBN-PdlC-F6-20180702","[1361382, 1397535]"
"CBN-PdlC-F6-20180723","[1355992, 1396869, 1701831]"
"CBN-PdlC-F6-20180815","[1390793, 1395990]"
"CBN-PdlC-F6-20180905","[1390793, 1361389]"
"CBN-PdlC-F6-20190722","[1392608, 1519650, 1390793, 1363741, 1394641, 1396253]"
"CBN-PdlC-F6-20190812","[1743952, 1390793]"
"CBN-PdlC-F6-20190909","[1390793]"
"CBN-PdlC-F6-20200629","[1363741, 1361079]"
"CBN-PdlC-F6-20200722","[1393824, 1396869, 1390793, 1363741, 1390846]"
"CBN-PdlC-F6-20200812","[1390793, 1651162, 1397468, 1396869]"
"CBN-Pla-A1-20130808","[1359835, 1392767]"
"CBN-Pla-A1-20130904","[1396869, 1701831, 1722444, 1394322, 1393939, 1394613, 1396471]"
"CBN-Pla-A1-20140722","[1357130]"
"CBN-Pla-A1-20140812","[1397475, 1397500, 1396869, 1395807]"
"CBN-Pla-A1-20140902","[]"
"CBN-Pla-A1-20150702","[1358176]"
"CBN-Pla-A1-20150723","[]"
"CBN-Pla-A1-20150811","[]"
"CBN-Pla-A1-20150901","[1398824]"
"CBN-Pla-A1-20160707","[]"
"CBN-Pla-A1-20160728","[1361099, 1396869]"
"CBN-Pla-A1-20180724","[1396471]"
"CBN-Pla-A1-20180816","[1396869]"
"CBN-Pla-A1-20180906","[]"
"CBN-Pla-A1-20190723","[1396869, 1397046, 1392767]"
"CBN-Pla-A1-20190814","[1742052, 1361079]"
"CBN-Pla-A1-20200630","[]"
"CBN-Pla-A1-20200723","[1396869]"
"CBN-Pla-A1-20200814","[]"
"CBN-Pla-A2-20130724","[]"
"CBN-Pla-A2-20130808","[1397528]"
"CBN-Pla-A2-20130904","[1395949, 1396869]"
"CBN-Pla-A2-20140722","[]"
"CBN-Pla-A2-20140812","[1397528, 1396869]"
"CBN-Pla-A2-20140902","[1397468, 1396869]"
"CBN-Pla-A2-20150702","[1722444, 1396869]"
"CBN-Pla-A2-20150723","[1397046]"
"CBN-Pla-A2-20150811","[1397046, 1358463]"
"CBN-Pla-A2-20150901","[1397468]"
"CBN-Pla-A2-20160707","[1390793, 1394911]"
"CBN-Pla-A2-20160728","[1396869, 1397046]"
"CBN-Pla-A2-20180724","[]"
"CBN-Pla-A2-20180816","[]"
"CBN-Pla-A2-20180906","[]"
"CBN-Pla-A2-20190723","[1396869]"
"CBN-Pla-A2-20190814","[1396869, 1701831]"
"CBN-Pla-A2-20200723","[1397046]"
"CBN-Pla-A2-20200814","[1394641, 1396869]"
"CBN-Pla-A3-20130724","[1722437, 1502503, 1722444, 1737655, 1743924, 1394613, 1397942, 1361079, 1392730]"
"CBN-Pla-A3-20130808","[1397528, 1697384, 1396869]"
"CBN-Pla-A3-20130904","[1396869, 1395870, 1395990]"
"CBN-Pla-A3-20140722","[1737655]"
"CBN-Pla-A3-20140812","[1396869, 1743924, 1397528, 1741880, 1395807]"
"CBN-Pla-A3-20140902","[1397468, 1396869]"
"CBN-Pla-A3-20150702","[]"
"CBN-Pla-A3-20150723","[1741880, 1396717]"
"CBN-Pla-A3-20150811","[1697384]"
"CBN-Pla-A3-20150901","[]"
"CBN-Pla-A3-20160707","[1397059, 1396869]"
"CBN-Pla-A3-20160728","[1741880]"
"CBN-Pla-A3-20180724","[1449488]"
"CBN-Pla-A3-20180816","[1396869]"
"CBN-Pla-A3-20180906","[1397528, 1396869, 1390846]"
"CBN-Pla-A3-20190723","[1390657, 1396869, 1396717, 1398772, 1395870, 1396094]"
"CBN-Pla-A3-20190814","[1741880, 1396869, 1395870]"
"CBN-Pla-A3-20200723","[1360840, 1396869]"
"CBN-Pla-A3-20200814","[1396869]"
"CBN-Pla-A4-20130724","[1722444, 1396869, 1743924, 1396471]"
"CBN-Pla-A4-20130808","[1741880, 1396869]"
"CBN-Pla-A4-20130904","[1741880, 1396869]"
"CBN-Pla-A4-20140722","[1393314, 1362331, 1356359, 1701831]"
"CBN-Pla-A4-20140812","[1397528, 1397500, 1395807]"
"CBN-Pla-A4-20140902","[1741880, 1396869]"
"CBN-Pla-A4-20150702","[1396094]"
"CBN-Pla-A4-20150723","[1741880, 1396869, 1395807]"
"CBN-Pla-A4-20150811","[1697384, 1394540, 1741880, 1363741, 1395870]"
"CBN-Pla-A4-20150901","[]"
"CBN-Pla-A4-20160707","[]"
"CBN-Pla-A4-20160728","[1363741]"
"CBN-Pla-A4-20180724","[1741601]"
"CBN-Pla-A4-20180816","[1394641, 1396869]"
"CBN-Pla-A4-20180906","[1396869, 1502503, 1397528, 1393946, 1363741]"
"CBN-Pla-A4-20190723","[1741880, 1396869]"
"CBN-Pla-A4-20190814","[1398644, 1396869]"
"CBN-Pla-A4-20200723","[]"
"CBN-Pla-A4-20200814","[1394641, 1396869]"
"CBN-Pla-A5-20130724","[]"
"CBN-Pla-A5-20130808","[1741880]"
"CBN-Pla-A5-20130904","[1741880, 1396857, 1396869]"
"CBN-Pla-A5-20140722","[1356402]"
"CBN-Pla-A5-20140812","[1741880, 1395807]"
"CBN-Pla-A5-20140902","[1395807]"
"CBN-Pla-A5-20150702","[]"
"CBN-Pla-A5-20150723","[1741880]"
"CBN-Pla-A5-20150811","[1741880, 1396869, 1360591]"
"CBN-Pla-A5-20160707","[]"
"CBN-Pla-A5-20160728","[1741880, 1356356, 1396869]"
"CBN-Pla-A5-20180724","[]"
"CBN-Pla-A5-20180816","[1359723, 1391412, 1622901]"
"CBN-Pla-A5-20180906","[1363741, 1396869]"
"CBN-Pla-A5-20190723","[1741880, 1396869, 1361079]"
"CBN-Pla-A5-20190814","[1741880, 1397528, 1395870]"
"CBN-Pla-A5-20200723","[1741880, 1395870]"
"CBN-Pla-A5-20200814","[1396869, 1395870]"
"CBN-Pla-A6-20130724","[]"
"CBN-Pla-A6-20130808","[1697384, 1397528, 1741880, 1392767]"
"CBN-Pla-A6-20130904","[1388913, 1389815, 1395807]"
"CBN-Pla-A6-20140722","[]"
"CBN-Pla-A6-20140812","[1396869, 1697384, 1394540, 1397528, 1412857, 1363741, 1395870, 1395807]"
"CBN-Pla-A6-20140902","[1362729, 1395990]"
"CBN-Pla-A6-20150702","[]"
"CBN-Pla-A6-20150723","[]"
"CBN-Pla-A6-20150811","[1400110]"
"CBN-Pla-A6-20150901","[1743971, 1363741]"
"CBN-Pla-A6-20160707","[]"
"CBN-Pla-A6-20160728","[]"
"CBN-Pla-A6-20180724","[]"
"CBN-Pla-A6-20180816","[1742052, 1622901]"
"CBN-Pla-A6-20180906","[]"
"CBN-Pla-A6-20190723","[1697384, 1397468, 1396869]"
"CBN-Pla-A6-20190814","[1397528, 1396857, 1396869, 1392767]"
"CBN-Pla-A6-20200723","[1394641, 1396869]"
"CBN-Pla-A6-20200814","[]"
"CBN-Pla-B1-20130724","[1722437, 1395974, 1502503, 1741834, 1722444, 1743924]"
"CBN-Pla-B1-20130808","[1394785, 1359835, 1397524]"
"CBN-Pla-B1-20130904","[1396471, 1701831]"
"CBN-Pla-B1-20140722","[1357988, 1743397, 1396869, 1356359, 1743924, 1737655]"
"CBN-Pla-B1-20140812","[1393824, 1397500, 1396869, 1395807]"
"CBN-Pla-B1-20140902","[1396869]"
"CBN-Pla-B1-20150702","[]"
"CBN-Pla-B1-20150723","[1395974]"
"CBN-Pla-B1-20150811","[]"
"CBN-Pla-B1-20150901","[1418612]"
"CBN-Pla-B1-20160707","[1395974, 1356359]"
"CBN-Pla-B1-20160728","[1396869]"
"CBN-Pla-B1-20180724","[1578131, 1396869, 1395974, 1396471]"
"CBN-Pla-B1-20180816","[1397046]"
"CBN-Pla-B1-20180906","[1359853, 1356370, 1722437]"
"CBN-Pla-B1-20190723","[1396869, 1395974, 1701831]"
"CBN-Pla-B1-20190814","[]"
"CBN-Pla-B1-20200630","[]"
"CBN-Pla-B1-20200723","[1393314, 1396869, 1395974]"
"CBN-Pla-B1-20200814","[1396869, 1396471]"
"CBN-Pla-B2-20130724","[1394600, 1395974]"
"CBN-Pla-B2-20130808","[1397528, 1397524]"
"CBN-Pla-B2-20130904","[1721018, 1361099, 1396869]"
"CBN-Pla-B2-20140722","[1396869, 1394600, 1394414, 1394416, 1743924]"
"CBN-Pla-B2-20140812","[1397500, 1396869, 1395807]"
"CBN-Pla-B2-20140902","[1743924, 1396869, 1361079]"
"CBN-Pla-B2-20150702","[]"
"CBN-Pla-B2-20150723","[]"
"CBN-Pla-B2-20150811","[]"
"CBN-Pla-B2-20150901","[]"
"CBN-Pla-B2-20160707","[1743913, 1722444, 1396869, 1701831]"
"CBN-Pla-B2-20160728","[1741880, 1396869, 1395870]"
"CBN-Pla-B2-20180724","[1701831, 1722444, 1578131, 1743924, 1396471, 1503192]"
"CBN-Pla-B2-20180816","[]"
"CBN-Pla-B2-20180906","[]"
"CBN-Pla-B2-20190723","[1396869]"
"CBN-Pla-B2-20190814","[1398644, 1396869]"
"CBN-Pla-B2-20200723","[1396869]"
"CBN-Pla-B2-20200814","[1393946]"
"CBN-Pla-B3-20130724","[1394613]"
"CBN-Pla-B3-20130808","[1397528]"
"CBN-Pla-B3-20130904","[1722444, 1396869]"
"CBN-Pla-B3-20140722","[]"
"CBN-Pla-B3-20140812","[1397500, 1395807]"
"CBN-Pla-B3-20140902","[1361296, 1701831]"
"CBN-Pla-B3-20150811","[1394416]"
"CBN-Pla-B3-20150901","[1398824, 1361389]"
"CBN-Pla-B3-20160707","[]"
"CBN-Pla-B3-20160728","[1519650]"
"CBN-Pla-B3-20180724","[]"
"CBN-Pla-B3-20180816","[1622901, 1397046]"
"CBN-Pla-B3-20180906","[1393224]"
"CBN-Pla-B3-20190723","[1396869]"
"CBN-Pla-B3-20190814","[1361333, 1396471]"
"CBN-Pla-B3-20200723","[]"
"CBN-Pla-B3-20200814","[]"
"CBN-Pla-B4-20130724","[]"
"CBN-Pla-B4-20130808","[1397524, 1397535]"
"CBN-Pla-B4-20130904","[1722444, 1396869]"
"CBN-Pla-B4-20140722","[]"
"CBN-Pla-B4-20140812","[1397500, 1361382]"
"CBN-Pla-B4-20140902","[1396869, 1356359, 1396471, 1390934, 1361079, 1355992, 1397942]"
"CBN-Pla-B4-20150702","[]"
"CBN-Pla-B4-20150723","[]"
"CBN-Pla-B4-20150811","[]"
"CBN-Pla-B4-20150901","[1398824]"
"CBN-Pla-B4-20160707","[]"
"CBN-Pla-B4-20160728","[1397046]"
"CBN-Pla-B4-20180724","[1701831]"
"CBN-Pla-B4-20180816","[1396307]"
"CBN-Pla-B4-20180906","[]"
"CBN-Pla-B4-20190723","[1697384, 1398644, 1363741, 1396869]"
"CBN-Pla-B4-20190814","[1361079, 1398644, 1396869, 1396471]"
"CBN-Pla-B4-20200723","[1398824]"
"CBN-Pla-B4-20200814","[]"
"CBN-Pla-B5-20130724","[]"
"CBN-Pla-B5-20130808","[1397528, 1396869, 1395807]"
"CBN-Pla-B5-20130904","[1743397, 1722444, 1396869, 1395990]"
"CBN-Pla-B5-20140722","[1393314]"
"CBN-Pla-B5-20140812","[1397528, 1397123, 1396869]"
"CBN-Pla-B5-20140902","[1396869]"
"CBN-Pla-B5-20150702","[]"
"CBN-Pla-B5-20150723","[1396869, 1395870]"
"CBN-Pla-B5-20150811","[]"
"CBN-Pla-B5-20150901","[1397528]"
"CBN-Pla-B5-20160707","[1396094]"
"CBN-Pla-B5-20160728","[1396869, 1393966]"
"CBN-Pla-B5-20180724","[1741600]"
"CBN-Pla-B5-20180816","[]"
"CBN-Pla-B5-20180906","[1697384, 1396869]"
"CBN-Pla-B5-20190723","[1396869]"
"CBN-Pla-B5-20190814","[1396471, 1360940, 1396869, 1361079]"
"CBN-Pla-B5-20200723","[1394641, 1397468, 1622901]"
"CBN-Pla-B5-20200814","[]"
"CBN-Pla-B6-20130724","[]"
"CBN-Pla-B6-20130808","[1397528, 1396869]"
"CBN-Pla-B6-20130904","[1395807]"
"CBN-Pla-B6-20140722","[1398772, 1390532]"
"CBN-Pla-B6-20140812","[1396869]"
"CBN-Pla-B6-20140902","[1396869]"
"CBN-Pla-B6-20150702","[]"
"CBN-Pla-B6-20150723","[1396869]"
"CBN-Pla-B6-20150811","[]"
"CBN-Pla-B6-20150901","[1393224, 1396869]"
"CBN-Pla-B6-20160707","[1722407]"
"CBN-Pla-B6-20160728","[]"
"CBN-Pla-B6-20180816","[1394416, 1356359]"
"CBN-Pla-B6-20180906","[1396869, 1393317, 1722444, 1396015, 1390846]"
"CBN-Pla-B6-20190723","[]"
"CBN-Pla-B6-20190814","[1390898, 1392730, 1396869, 1395807]"
"CBN-Pla-B6-20200723","[]"
"CBN-Pla-B6-20200814","[1390793]"
"CBN-Pla-C1-20130808","[]"
"CBN-Pla-C1-20130904","[1396417, 1396869, 1701831, 1722444, 1743924, 1396471]"
"CBN-Pla-C1-20150702","[]"
"CBN-Pla-C1-20150723","[1397046]"
"CBN-Pla-C1-20150811","[1394908]"
"CBN-Pla-C1-20150901","[1397046]"
"CBN-Pla-C1-20160707","[1392565, 1397046, 1394911]"
"CBN-Pla-C1-20160728","[1741624, 1397046]"
"CBN-Pla-C1-20180816","[1741624, 1397046]"
"CBN-Pla-C1-20180906","[1397046]"
"CBN-Pla-C1-20190723","[1391331, 1722444, 1396471]"
"CBN-Pla-C1-20190814","[1722444, 1397046, 1358463]"
"CBN-Pla-C1-20200723","[1722444]"
"CBN-Pla-C1-20200814","[1697384, 1519650, 1722444, 1397046]"
"CBN-Pla-C2-20130808","[]"
"CBN-Pla-C2-20130904","[1396869, 1396471]"
"CBN-Pla-C2-20140722","[1396869, 1356359, 1394414, 1394613, 1355992]"
"CBN-Pla-C2-20140902","[1396869]"
"CBN-Pla-C2-20150702","[]"
"CBN-Pla-C2-20150723","[1398824]"
"CBN-Pla-C2-20150811","[1395870, 1361382]"
"CBN-Pla-C2-20150901","[]"
"CBN-Pla-C2-20160707","[]"
"CBN-Pla-C2-20160728","[1398644]"
"CBN-Pla-C2-20180724","[]"
"CBN-Pla-C2-20180816","[]"
"CBN-Pla-C2-20180906","[]"
"CBN-Pla-C2-20190723","[1355992, 1743924, 1396869]"
"CBN-Pla-C2-20190814","[]"
"CBN-Pla-C2-20200723","[1398644]"
"CBN-Pla-C2-20200814","[1361099, 1396869]"
"CBN-Pla-C3-20130808","[1397524]"
"CBN-Pla-C3-20130904","[1398222, 1389815]"
"CBN-Pla-C3-20140722","[1394416]"
"CBN-Pla-C3-20140902","[]"
"CBN-Pla-C3-20150702","[]"
"CBN-Pla-C3-20150723","[1396869]"
"CBN-Pla-C3-20150811","[]"
"CBN-Pla-C3-20150901","[1390793]"
"CBN-Pla-C3-20160707","[1741805, 1396045]"
"CBN-Pla-C3-20160728","[1391331, 1397500]"
"CBN-Pla-C3-20180724","[]"
"CBN-Pla-C3-20180816","[1398824, 1361382]"
"CBN-Pla-C3-20180906","[1393224]"
"CBN-Pla-C3-20190723","[1394908]"
"CBN-Pla-C3-20190814","[]"
"CBN-Pla-C3-20200723","[1396869]"
"CBN-Pla-C3-20200814","[1395974, 1396471]"
"CBN-Pla-C4-20130808","[1361647, 1359835, 1397524, 1392767]"
"CBN-Pla-C4-20130904","[1743913, 1361099, 1361389, 1396869]"
"CBN-Pla-C4-20140902","[]"
"CBN-Pla-C4-20150702","[1361382]"
"CBN-Pla-C4-20150723","[1396869, 1743397, 1701831, 1722444, 1394613, 1355992]"
"CBN-Pla-C4-20150811","[]"
"CBN-Pla-C4-20150901","[1502503, 1722444, 1390898, 1390934, 1361079]"
"CBN-Pla-C4-20160707","[]"
"CBN-Pla-C4-20160728","[1397524]"
"CBN-Pla-C4-20180724","[]"
"CBN-Pla-C4-20180816","[1398824, 1359835, 1363741]"
"CBN-Pla-C4-20180906","[1398824, 1502503]"
"CBN-Pla-C4-20190723","[1396869]"
"CBN-Pla-C4-20190814","[1397528, 1363741, 1397500, 1396869]"
"CBN-Pla-C4-20200723","[1397468, 1394908, 1396869, 1743397]"
"CBN-Pla-C4-20200814","[]"
"CBN-Pla-C5-20130808","[]"
"CBN-Pla-C5-20130904","[1395974, 1396471]"
"CBN-Pla-C5-20140722","[]"
"CBN-Pla-C5-20140902","[1358492, 1396869, 1701831]"
"CBN-Pla-C5-20150702","[]"
"CBN-Pla-C5-20150723","[1722407]"
"CBN-Pla-C5-20150811","[]"
"CBN-Pla-C5-20150901","[1651162, 1361067]"
"CBN-Pla-C5-20160707","[1402995]"
"CBN-Pla-C5-20160728","[1393946, 1396869]"
"CBN-Pla-C5-20180724","[1395974]"
"CBN-Pla-C5-20180816","[]"
"CBN-Pla-C5-20180906","[1398824]"
"CBN-Pla-C5-20190723","[]"
"CBN-Pla-C5-20190814","[1722444, 1396869, 1396471]"
"CBN-Pla-C5-20200723","[1394336, 1361402, 1743924, 1361079]"
"CBN-Pla-C5-20200814","[1722444]"
"CBN-Pla-C6-20130808","[1396869, 1722444, 1743924, 1397524, 1392767]"
"CBN-Pla-C6-20130904","[1722444, 1396869, 1396471]"
"CBN-Pla-C6-20140902","[1396869]"
"CBN-Pla-C6-20150702","[]"
"CBN-Pla-C6-20150723","[]"
"CBN-Pla-C6-20150811","[1392767]"
"CBN-Pla-C6-20150901","[]"
"CBN-Pla-C6-20160707","[]"
"CBN-Pla-C6-20160728","[1362273, 1392050]"
"CBN-Pla-C6-20180724","[]"
"CBN-Pla-C6-20180816","[1397528, 1396869, 1392767]"
"CBN-Pla-C6-20180906","[1651233, 1393946, 1363741, 1396869]"
"CBN-Pla-C6-20190723","[1741880, 1394911, 1396869, 1358463]"
"CBN-Pla-C6-20190814","[1389580, 1396869]"
"CBN-Pla-C6-20200723","[1390793, 1397528, 1359835, 1363741, 1392767]"
"CBN-Pla-C6-20200814","[]"
"CBN-Pla-D1-20130808","[1396869]"
"CBN-Pla-D1-20130904","[1393200]"
"CBN-Pla-D1-20140722","[1743924, 1356359]"
"CBN-Pla-D1-20140902","[1396869]"
"CBN-Pla-D1-20150702","[]"
"CBN-Pla-D1-20150723","[]"
"CBN-Pla-D1-20150811","[]"
"CBN-Pla-D1-20150901","[]"
"CBN-Pla-D1-20160707","[1359587]"
"CBN-Pla-D1-20160728","[]"
"CBN-Pla-D1-20180724","[1722437, 1701831, 1722444, 1394613, 1357687]"
"CBN-Pla-D1-20180816","[1697384]"
"CBN-Pla-D1-20180906","[]"
"CBN-Pla-D1-20190723","[1396417, 1478563, 1396869, 1722437, 1743397, 1741834, 1396471, 1722444, 1737655, 1743924, 1394613, 1361079, 1355992, 1363741]"
"CBN-Pla-D1-20190814","[1722437, 1743924, 1394613, 1396471, 1355992]"
"CBN-Pla-D1-20200723","[]"
"CBN-Pla-D1-20200814","[1427744, 1396869, 1396471, 1743924, 1361079, 1741624]"
"CBN-Pla-D2-20130808","[]"
"CBN-Pla-D2-20130904","[1356359]"
"CBN-Pla-D2-20140722","[]"
"CBN-Pla-D2-20140902","[1396869, 1701831, 1361099, 1743924, 1396471]"
"CBN-Pla-D2-20150702","[]"
"CBN-Pla-D2-20150723","[1396843, 1396253]"
"CBN-Pla-D2-20150811","[1393314]"
"CBN-Pla-D2-20150901","[1412857, 1396869]"
"CBN-Pla-D2-20160707","[1412857]"
"CBN-Pla-D2-20160728","[]"
"CBN-Pla-D2-20180724","[]"
"CBN-Pla-D2-20180816","[1743924, 1396869, 1397046]"
"CBN-Pla-D2-20180906","[1394581, 1743971, 1363741, 1396869]"
"CBN-Pla-D2-20190723","[1412857, 1394908, 1396869, 1743924]"
"CBN-Pla-D2-20190814","[1396869]"
"CBN-Pla-D2-20200723","[1396869]"
"CBN-Pla-D2-20200814","[1743971, 1742053, 1396296, 1394416, 1363741]"
"CBN-Pla-D3-20130808","[1391309, 1396869]"
"CBN-Pla-D3-20130904","[1395990, 1360591]"
"CBN-Pla-D3-20140722","[]"
"CBN-Pla-D3-20140902","[1398644, 1396869]"
"CBN-Pla-D3-20150702","[]"
"CBN-Pla-D3-20150723","[1741880, 1363741, 1701831]"
"CBN-Pla-D3-20150811","[]"
"CBN-Pla-D3-20150901","[1398824]"
"CBN-Pla-D3-20160707","[1361382]"
"CBN-Pla-D3-20160728","[1363741]"
"CBN-Pla-D3-20180724","[1398824]"
"CBN-Pla-D3-20180816","[1398824, 1363741, 1396869]"
"CBN-Pla-D3-20180906","[1398824, 1743938, 1363741, 1396869]"
"CBN-Pla-D3-20190723","[1741880, 1396869, 1396471]"
"CBN-Pla-D3-20190814","[1396869]"
"CBN-Pla-D3-20200723","[1741880, 1396869, 1392662]"
"CBN-Pla-D3-20200814","[]"
"CBN-Pla-D4-20130808","[1397524]"
"CBN-Pla-D4-20130904","[1397468, 1396869]"
"CBN-Pla-D4-20140722","[]"
"CBN-Pla-D4-20140902","[1361099]"
"CBN-Pla-D4-20150702","[]"
"CBN-Pla-D4-20150723","[]"
"CBN-Pla-D4-20150811","[1356589]"
"CBN-Pla-D4-20150901","[]"
"CBN-Pla-D4-20160707","[1390793, 1363741]"
"CBN-Pla-D4-20160728","[1396869]"
"CBN-Pla-D4-20180724","[]"
"CBN-Pla-D4-20180816","[1398824, 1403109]"
"CBN-Pla-D4-20180906","[1390846]"
"CBN-Pla-D4-20190723","[1396869]"
"CBN-Pla-D4-20190814","[1391331, 1397468, 1396869]"
"CBN-Pla-D4-20200723","[1396869, 1361079]"
"CBN-Pla-D4-20200814","[1519650]"
"CBN-Pla-D5-20130808","[1478563, 1722444, 1363741, 1392767]"
"CBN-Pla-D5-20130904","[1722444, 1396869, 1743924, 1722437]"
"CBN-Pla-D5-20140722","[]"
"CBN-Pla-D5-20140902","[1397468, 1363741]"
"CBN-Pla-D5-20150702","[1361382]"
"CBN-Pla-D5-20150723","[]"
"CBN-Pla-D5-20150811","[]"
"CBN-Pla-D5-20150901","[1502503]"
"CBN-Pla-D5-20160707","[1360104, 1394911]"
"CBN-Pla-D5-20160728","[1393200, 1392626, 1396869]"
"CBN-Pla-D5-20180724","[]"
"CBN-Pla-D5-20180816","[1393946, 1363741, 1396869]"
"CBN-Pla-D5-20180906","[1398824, 1363741]"
"CBN-Pla-D5-20190723","[1697384, 1392767]"
"CBN-Pla-D5-20190814","[1396869]"
"CBN-Pla-D5-20200723","[1397528, 1519650, 1359835, 1363741]"
"CBN-Pla-D6-20130808","[1397528, 1392193, 1697384, 1396869]"
"CBN-Pla-D6-20130904","[1697384, 1397528, 1356356]"
"CBN-Pla-D6-20140722","[]"
"CBN-Pla-D6-20140902","[1397528, 1722444, 1396094, 1361079]"
"CBN-Pla-D6-20150702","[1356564]"
"CBN-Pla-D6-20150723","[1697384, 1363741, 1397528, 1396253, 1392767]"
"CBN-Pla-D6-20150811","[1397528, 1363741]"
"CBN-Pla-D6-20150901","[1397528, 1609716, 1395807]"
"CBN-Pla-D6-20160707","[1396094]"
"CBN-Pla-D6-20160728","[1397528, 1697384]"
"CBN-Pla-D6-20180724","[1396417, 1722437, 1356359, 1502503, 1503192]"
"CBN-Pla-D6-20180816","[1397528, 1393564, 1396869, 1697384]"
"CBN-Pla-D6-20180906","[1397528, 1697384]"
"CBN-Pla-D6-20190723","[1396869, 1697384, 1724565, 1397528, 1392767]"
"CBN-Pla-D6-20190814","[]"
"CBN-Pla-D6-20200723","[1397528, 1363741, 1697384, 1396869]"
"CBN-Pla-D6-20200814","[1397528, 1396869]"
"CBN-Pla-E1-20130808","[1388915, 1363741]"
"CBN-Pla-E1-20130904","[1396869, 1741834, 1722444, 1723120, 1743924, 1397942]"
"CBN-Pla-E1-20140722","[]"
"CBN-Pla-E1-20140902","[]"
"CBN-Pla-E1-20150702","[1388915]"
"CBN-Pla-E1-20150723","[1397046]"
"CBN-Pla-E1-20150901","[1393245]"
"CBN-Pla-E1-20160707","[1701831]"
"CBN-Pla-E1-20160728","[1741624]"
"CBN-Pla-E1-20180816","[1741624, 1359444]"
"CBN-Pla-E1-20180906","[]"
"CBN-Pla-E1-20190723","[1390657, 1392534]"
"CBN-Pla-E1-20190814","[1396079]"
"CBN-Pla-E1-20200630","[]"
"CBN-Pla-E1-20200723","[1396362]"
"CBN-Pla-E1-20200814","[1744569, 1390793, 1722407]"
"CBN-Pla-E2-20130808","[]"
"CBN-Pla-E2-20130904","[1508026, 1396869, 1360782, 1396471]"
"CBN-Pla-E2-20140722","[1361382]"
"CBN-Pla-E2-20140902","[1396253]"
"CBN-Pla-E2-20150702","[1722444, 1743396, 1743924]"
"CBN-Pla-E2-20150723","[]"
"CBN-Pla-E2-20150901","[1412857]"
"CBN-Pla-E2-20160707","[1394641]"
"CBN-Pla-E2-20160728","[1741624]"
"CBN-Pla-E2-20180724","[]"
"CBN-Pla-E2-20180816","[1741624, 1361077]"
"CBN-Pla-E2-20180906","[1396253, 1396869]"
"CBN-Pla-E2-20190723","[1412857, 1396253, 1398553]"
"CBN-Pla-E2-20190814","[1396253]"
"CBN-Pla-E2-20200630","[1395974]"
"CBN-Pla-E2-20200723","[1394336, 1398824, 1722444, 1722437]"
"CBN-Pla-E2-20200814","[1394641, 1396253, 1396974]"
"CBN-Pla-E3-20130808","[1395974]"
"CBN-Pla-E3-20130904","[1741767]"
"CBN-Pla-E3-20140722","[1396869, 1396253, 1395974, 1478563]"
"CBN-Pla-E3-20140902","[1396869]"
"CBN-Pla-E3-20150702","[]"
"CBN-Pla-E3-20150723","[1394336, 1396253, 1395974]"
"CBN-Pla-E3-20150811","[1396253, 1395974]"
"CBN-Pla-E3-20150901","[1398824, 1722444, 1394416, 1743924, 1743861, 1396857, 1397565]"
"CBN-Pla-E3-20160707","[1395974]"
"CBN-Pla-E3-20160728","[1396737]"
"CBN-Pla-E3-20180724","[1722444, 1394613, 1390934]"
"CBN-Pla-E3-20180816","[1363741, 1396869]"
"CBN-Pla-E3-20180906","[1396869, 1391367]"
"CBN-Pla-E3-20190723","[1396253]"
"CBN-Pla-E3-20190814","[1396869, 1395974]"
"CBN-Pla-E3-20200630","[1398824]"
"CBN-Pla-E3-20200723","[1396253, 1395974]"
"CBN-Pla-E3-20200814","[1390793, 1396869]"
"CBN-Pla-E4-20130808","[1741834, 1396869, 1396471]"
"CBN-Pla-E4-20130904","[1741624, 1394322]"
"CBN-Pla-E4-20140722","[]"
"CBN-Pla-E4-20140902","[1355992, 1722444, 1396869, 1743924]"
"CBN-Pla-E4-20150702","[1722444, 1722437]"
"CBN-Pla-E4-20150811","[]"
"CBN-Pla-E4-20150901","[1396869]"
"CBN-Pla-E4-20160707","[1396869, 1392407]"
"CBN-Pla-E4-20160728","[1396869]"
"CBN-Pla-E4-20180724","[1722444, 1743924, 1701831]"
"CBN-Pla-E4-20180816","[1363741, 1361382]"
"CBN-Pla-E4-20180906","[1396869]"
"CBN-Pla-E4-20190723","[1397528, 1363741, 1502503]"
"CBN-Pla-E4-20190814","[1393564]"
"CBN-Pla-E4-20200630","[]"
"CBN-Pla-E4-20200723","[1396869]"
"CBN-Pla-E4-20200814","[]"
"CBN-Pla-E5-20130808","[1363741, 1396869]"
"CBN-Pla-E5-20130904","[1398644, 1361099, 1397524, 1701831]"
"CBN-Pla-E5-20140722","[]"
"CBN-Pla-E5-20140902","[1361099, 1396869, 1394613]"
"CBN-Pla-E5-20150702","[]"
"CBN-Pla-E5-20150723","[]"
"CBN-Pla-E5-20150811","[]"
"CBN-Pla-E5-20150901","[]"
"CBN-Pla-E5-20160707","[1396869, 1397046]"
"CBN-Pla-E5-20160728","[]"
"CBN-Pla-E5-20180724","[1398824]"
"CBN-Pla-E5-20180816","[1652912, 1363741, 1396869]"
"CBN-Pla-E5-20180906","[1363741, 1396869]"
"CBN-Pla-E5-20190723","[1363741]"
"CBN-Pla-E5-20190814","[]"
"CBN-Pla-E5-20200630","[]"
"CBN-Pla-E5-20200723","[1736442, 1396869, 1549015]"
"CBN-Pla-E5-20200814","[]"
"CBN-Pla-E6-20130808","[1697384, 1397528]"
"CBN-Pla-E6-20130904","[1361099, 1578131, 1361389]"
"CBN-Pla-E6-20140722","[]"
"CBN-Pla-E6-20140902","[1361099]"
"CBN-Pla-E6-20150702","[]"
"CBN-Pla-E6-20150723","[]"
"CBN-Pla-E6-20150811","[]"
"CBN-Pla-E6-20150901","[]"
"CBN-Pla-E6-20160707","[]"
"CBN-Pla-E6-20160728","[]"
"CBN-Pla-E6-20180724","[]"
"CBN-Pla-E6-20180816","[1397528]"
"CBN-Pla-E6-20180906","[]"
"CBN-Pla-E6-20190723","[1363741]"
"CBN-Pla-E6-20190814","[1361296, 1741624]"
"CBN-Pla-E6-20200723","[1397528, 1519650, 1397524, 1396869]"
"CBN-Pla-E6-20200814","[1741624]"
"CBN-Pla-F1-20130808","[]"
"CBN-Pla-F1-20130904","[1361402, 1722444, 1394613, 1701831]"
"CBN-Pla-F1-20140722","[]"
"CBN-Pla-F1-20140902","[]"
"CBN-Pla-F1-20150702","[]"
"CBN-Pla-F1-20150723","[1356359]"
"CBN-Pla-F1-20150901","[1394416]"
"CBN-Pla-F1-20160707","[1397535]"
"CBN-Pla-F1-20160728","[1390887]"
"CBN-Pla-F1-20180724","[]"
"CBN-Pla-F1-20180816","[1741624, 1736442]"
"CBN-Pla-F1-20180906","[1493740, 1728573]"
"CBN-Pla-F1-20190723","[]"
"CBN-Pla-F1-20190814","[]"
"CBN-Pla-F1-20200630","[]"
"CBN-Pla-F1-20200723","[1741624, 1361079]"
"CBN-Pla-F1-20200814","[1394416]"
"CBN-Pla-F2-20130808","[]"
"CBN-Pla-F2-20130904","[1743924, 1396869, 1361079]"
"CBN-Pla-F2-20140722","[1722437, 1737655]"
"CBN-Pla-F2-20140902","[1359521]"
"CBN-Pla-F2-20150702","[]"
"CBN-Pla-F2-20150723","[1580630]"
"CBN-Pla-F2-20150901","[]"
"CBN-Pla-F2-20160707","[]"
"CBN-Pla-F2-20160728","[1361077, 1414367]"
"CBN-Pla-F2-20180724","[1398824]"
"CBN-Pla-F2-20180816","[]"
"CBN-Pla-F2-20180906","[1398824]"
"CBN-Pla-F2-20190723","[]"
"CBN-Pla-F2-20190814","[]"
"CBN-Pla-F2-20200630","[]"
"CBN-Pla-F2-20200723","[1736442, 1363741]"
"CBN-Pla-F2-20200814","[1362331, 1363741]"
"CBN-Pla-F3-20130808","[1396869, 1701831, 1396471, 1722444, 1743924, 1398167]"
"CBN-Pla-F3-20130904","[]"
"CBN-Pla-F3-20140722","[]"
"CBN-Pla-F3-20140902","[1361099, 1394597]"
"CBN-Pla-F3-20150702","[1361382, 1356359]"
"CBN-Pla-F3-20150723","[]"
"CBN-Pla-F3-20150811","[1646497, 1742052]"
"CBN-Pla-F3-20150901","[]"
"CBN-Pla-F3-20160707","[1397046, 1722444, 1743924, 1394911]"
"CBN-Pla-F3-20160728","[1394449]"
"CBN-Pla-F3-20180724","[]"
"CBN-Pla-F3-20180816","[]"
"CBN-Pla-F3-20180906","[1722444, 1502503]"
"CBN-Pla-F3-20190723","[]"
"CBN-Pla-F3-20190814","[1393619, 1394613, 1701831]"
"CBN-Pla-F3-20200630","[]"
"CBN-Pla-F3-20200723","[1363741]"
"CBN-Pla-F3-20200814","[1396471]"
"CBN-Pla-F4-20130808","[1390846]"
"CBN-Pla-F4-20130904","[1722444]"
"CBN-Pla-F4-20140722","[]"
"CBN-Pla-F4-20150723","[1743938]"
"CBN-Pla-F4-20150811","[]"
"CBN-Pla-F4-20150901","[]"
"CBN-Pla-F4-20160707","[1396471]"
"CBN-Pla-F4-20160728","[]"
"CBN-Pla-F4-20180724","[1722444, 1722437]"
"CBN-Pla-F4-20180816","[1722407]"
"CBN-Pla-F4-20180906","[]"
"CBN-Pla-F4-20190723","[1361382]"
"CBN-Pla-F4-20190814","[1722444]"
"CBN-Pla-F4-20200630","[1442235, 1414356]"
"CBN-Pla-F4-20200723","[1412857]"
"CBN-Pla-F4-20200814","[1357608, 1742053]"
"CBN-Pla-F5-20130808","[1722444]"
"CBN-Pla-F5-20130904","[]"
"CBN-Pla-F5-20140722","[]"
"CBN-Pla-F5-20140902","[]"
"CBN-Pla-F5-20150702","[]"
"CBN-Pla-F5-20150723","[]"
"CBN-Pla-F5-20150811","[1397497]"
"CBN-Pla-F5-20150901","[1651233, 1502503, 1722444, 1390898, 1390934, 1361079, 1651162]"
"CBN-Pla-F5-20160707","[1722444, 1397524]"
"CBN-Pla-F5-20160728","[1396869]"
"CBN-Pla-F5-20180724","[]"
"CBN-Pla-F5-20180816","[]"
"CBN-Pla-F5-20180906","[]"
"CBN-Pla-F5-20190723","[]"
"CBN-Pla-F5-20190814","[1398644]"
"CBN-Pla-F5-20200723","[]"
"CBN-Pla-F5-20200814","[1363499, 1396869]"
"CBN-Pla-F6-20130808","[1363741]"
"CBN-Pla-F6-20130904","[1578131]"
"CBN-Pla-F6-20140722","[1394414]"
"CBN-Pla-F6-20140902","[1393320, 1361099, 1398644, 1743924]"
"CBN-Pla-F6-20150702","[]"
"CBN-Pla-F6-20150723","[]"
"CBN-Pla-F6-20150811","[1706074]"
"CBN-Pla-F6-20150901","[1396253]"
"CBN-Pla-F6-20160707","[1396869, 1394613]"
"CBN-Pla-F6-20160728","[]"
"CBN-Pla-F6-20180724","[]"
"CBN-Pla-F6-20180816","[1363741]"
"CBN-Pla-F6-20180906","[1743938, 1743971, 1396869]"
"CBN-Pla-F6-20190723","[1478563, 1396869, 1361382, 1363741, 1396843, 1396253, 1390846]"
"CBN-Pla-F6-20190814","[]"
"CBN-Pla-F6-20200723","[1736442, 1363741]"
"CBN-Pla-F6-20200814","[]"
"CBN-Pyr-01-20230706","[1396843, 1398644, 1394444, 1386159]"
"CBN-Pyr-03-20230706","[1741624, 1390793, 1397512, 1395973]"
"CBN-can-A1-20230705","[]"
"CBN-can-A2-20230705","[1394336, 1396869, 1743913, 1722444, 1743924, 1390934]"
"CBN-can-A3-20230705","[1392608, 1722444, 1393200, 1397107, 1744569]"
"CBN-can-A5-20230705","[1393874, 1397475, 1364068, 1358517]"
"CBN-can-A6-20230705","[1743984, 1397475, 1358517]"
"CBN-can-B1-20230705","[1392608, 1396869, 1743924, 1355992, 1393946]"
"CBN-can-B2-20230705","[1743913]"
"CBN-can-B3-20230705","[1743396, 1722437, 1701831, 1743913, 1722444, 1743924, 1394613]"
"CBN-can-B4-20230705","[1397475, 1389028, 1391144, 1743984, 1358517]"
"CBN-can-B5-20230705","[1397528, 1397475, 1395807]"
"CBN-can-B6-20230705","[1397475, 1396869, 1743913, 1722444, 1743924, 1355992, 1395807]"
"CBN-can-C1-20230705","[1396869, 1743397, 1701831, 1743913, 1722444, 1393200, 1743924, 1394613, 1503192, 1393946]"
"CBN-can-C2-20230705","[1395807]"
"CBN-can-C3-20230705","[1363741]"
"CBN-can-C4-20230705","[1397528, 1390659, 1395807, 1364071]"
"CBN-can-D1-20230705","[1363741, 1396869, 1395807]"
"CBN-can-D2-20230705","[1392299]"
"CBN-can-D3-20230705","[1397528, 1412857]"
"CBN-can-D4-20230705","[1398569, 1390659, 1396869, 1395807]"
"CBN-can-E1-20230706","[1392608]"
"CBN-can-E2-20230706","[1391419, 1397500, 1395807]"
"CBN-can-E3-20230706","[1361898, 1361099, 1393200, 1398644, 1395807]"
"CBN-can-E4-20230706","[1398644, 1397430]"
"CBN-can-E5-20230706","[1363944, 1392608, 1396869]"
"CBN-can-E6-20230706","[1361801, 1396253, 1395807, 1549015]"
"CBN-can-F1-20230705","[1395807]"
"CBN-can-F2-20230706","[1737422, 1395807]"
"CBN-can-F3-20230706","[]"
"CBN-can-F4-20230706","[]"
"CBN-can-F5-20230706","[1398644]"
"GUARDEN-AMB-CF04-1-10-20240325","[1359344]"
"GUARDEN-AMB-CF04-1-5-20240325","[1363882]"
"GUARDEN-AMB-CF21-1-1-20240326","[1388812]"
"GUARDEN-AMB-CF21-1-10-20240326","[1363302, 1362251, 1358318, 1398322, 1722619, 1357566]"
"GUARDEN-AMB-CF21-1-2-20240326","[1363302, 1361703]"
"GUARDEN-AMB-CF21-1-3-20240326","[1737441, 1364037, 1361703, 1360719, 1359344]"
"GUARDEN-AMB-CF21-1-4-20240326","[1359344, 1737441, 1388812, 1363302]"
"GUARDEN-AMB-CF21-1-5-20240326","[1359344]"
"GUARDEN-AMB-CF21-1-6-20240326","[1359344]"
"GUARDEN-AMB-CF21-1-7-20240326","[1363302, 1744541, 1358318, 1361703]"
"GUARDEN-AMB-CF21-1-8-20240326","[1359344]"
"GUARDEN-AMB-CF21-1-9-20240326","[1398786, 1722619, 1358318]"
"GUARDEN-AMB-GV04-1-3-20240326","[1359344, 1359297]"
"GUARDEN-AMB-GV04-1-4-20240326","[1359297]"
"GUARDEN-AMB-GV04-1-5-20240326","[1359297]"
"GUARDEN-AMB-GV04-1-6-20240326","[1359297, 1743245]"
"GUARDEN-AMB-GV04-1-7-20240326","[1359297]"
"GUARDEN-AMB-PR13-1-10-20240417","[1359297]"
"GUARDEN-AMB-PR13-1-2-20240417","[1721018]"
"GUARDEN-AMB-PR13-1-3-20240417","[1721018]"
"GUARDEN-AMB-PR13-1-4-20240417","[1721018, 1364037]"
"GUARDEN-AMB-PR13-1-8-20240417","[1359344, 1359297]"
"GUARDEN-AMB-PR20-1-1-20240424","[1722441, 1737441]"
"GUARDEN-AMB-PR20-1-10-20240424","[1359297, 1382844, 1743245]"
"GUARDEN-AMB-PR20-1-8-20240424","[1359297, 1391491, 1359344, 1356598, 1744541]"
"GUARDEN-AMB-SA03-1-1-20240626","[1359344, 1363706, 1388812, 1655199]"
"GUARDEN-AMB-SA03-1-10-20240626","[]"
"GUARDEN-AMB-SA03-1-2-20240626","[1359344, 1722619, 1359804, 1486726]"
"GUARDEN-AMB-SA03-1-3-20240626","[1359344]"
"GUARDEN-AMB-SA03-1-4-20240626","[1359344, 1517773]"
"GUARDEN-AMB-SA03-1-5-20240626","[1359344]"
"GUARDEN-AMB-SA03-1-9-20240626","[1359297]"
"GUARDEN-AMB-VC03-1-3-20240417","[1359344]"
"GUARDEN-AMB-VC03-1-4-20240417","[1359344]"
"GUARDEN-AMB-VC03-1-5-20240417","[1359297]"
"GUARDEN-AMB-VC03-1-6-20240417","[1359344, 1359297]"
"GUARDEN-CBNMed-10-1-16-34-20240429","[]"
"GUARDEN-CBNMed-10-10-17-19-20240429","[1358613]"
"GUARDEN-CBNMed-10-5-16-55-20240429","[1363336, 1356784, 1356785, 1358386, 1358613, 1356790]"
"GUARDEN-CBNMed-10-6-17-02-20240429","[1358613]"
"GUARDEN-CBNMed-10-7-17-05-20240429","[1358613]"
"GUARDEN-CBNMed-10-8-17-11-20240429","[1358613]"
"GUARDEN-CBNMed-10-9-17-16-20240429","[1358613]"
"GUARDEN-CBNMed-14-3-9-45-20240429","[1360272, 1356729, 1356145]"
"GUARDEN-CBNMed-14-4-9-49-20240429","[1356728, 1360897]"
"GUARDEN-CBNMed-14-9-10-09-20240429","[1362044, 1359676]"
"GUARDEN-CBNMed-15-10-12-17-20240429","[]"
"GUARDEN-CBNMed-15-5-11-44-20240429","[1357492, 1356646]"
"GUARDEN-CBNMed-15-7-12-02-20240429","[]"
"GUARDEN-CBNMed-15-9-12-15-20240429","[]"
"GUARDEN-CBNMed-16-1-13-37-20240429","[1722409]"
"GUARDEN-CBNMed-16-10-14-33-20240429","[1359664, 1722409, 1744243, 1357556]"
"GUARDEN-CBNMed-16-2-13-45-20240429","[]"
"GUARDEN-CBNMed-16-3-13-51-20240429","[1486742]"
"GUARDEN-CBNMed-16-4-13-57-20240429","[]"
"GUARDEN-CBNMed-16-6-14-07-20240429","[1722409, 1744243]"
"GUARDEN-CBNMed-16-7-14-1-20240429","[1744243, 1396295]"
"GUARDEN-CBNMed-16-8-14-14-20240429","[1398553, 1722409, 1360999]"
"GUARDEN-CBNMed-17-3-10-56-20240429","[]"
"GUARDEN-CBNMed-17-5-11-2-20240429","[1361088]"
"GUARDEN-CBNMed-19-1-15-24-20240429","[1357293, 1357743]"
"GUARDEN-CBNMed-19-10-16-02-20240429","[1396063]"
"GUARDEN-CBNMed-19-2-15-31-20240429","[]"
"GUARDEN-CBNMed-19-3-15-35-20240429","[1363699, 1393397]"
"GUARDEN-CBNMed-19-4-15-39-20240429","[]"
"GUARDEN-CBNMed-19-5-15-44-20240429","[]"
"GUARDEN-CBNMed-19-6-15-48-20240429","[]"
"GUARDEN-CBNMed-19-7-15-51-20240429","[1363526, 1363887]"
"GUARDEN-CBNMed-19-8-15-53-20240429","[]"
"GUARDEN-CBNMed-19-9-15-58-20240429","[]"
"GUARDEN-CBNMed-20-1-9-35-20240428","[1360443, 1361005]"
"GUARDEN-CBNMed-20-10-10-31-20240428","[1357120, 1357114, 1361005, 1360999]"
"GUARDEN-CBNMed-20-8-10-19-20240428","[1363275]"
"GUARDEN-CBNMed-20-9-10-23-20240428","[1357120, 1364114]"
"GUARDEN-CBNMed-21-10-11-42-20240428","[1355882]"
"GUARDEN-CBNMed-21-2-11-07-20240428","[]"
"GUARDEN-CBNMed-21-3-11-09-20240428","[1361000, 1722409, 1359603, 1393365]"
"GUARDEN-CBNMed-21-6-11-17-20240428","[1355882, 1357114]"
"GUARDEN-CBNMed-21-8-11-23-20240428","[1357114, 1359603]"
"GUARDEN-CBNMed-21-9-11-32-20240428","[]"
"GUARDEN-CBNMed-22-1-13-39-20240428","[1356778, 1393547]"
"GUARDEN-CBNMed-22-10-14-48-20240428","[1393546, 1360006]"
"GUARDEN-CBNMed-22-2-14-05-20240428","[1397376, 1722522, 1391488]"
"GUARDEN-CBNMed-22-5-14-21-20240428","[1722522]"
"GUARDEN-CBNMed-22-6-14-23-20240428","[1722522]"
"GUARDEN-CBNMed-22-7-14-25-20240428","[1722522]"
"GUARDEN-CBNMed-22-9-14-42-20240428","[1722522, 1356359]"
"GUARDEN-CBNMed-23-1-9-56-20240428","[1357771, 1361372, 1388990, 1360999]"
"GUARDEN-CBNMed-23-10-10-42-20240428","[1360595, 1393366]"
"GUARDEN-CBNMed-23-3-10-14-20240428","[1357114, 1357911]"
"GUARDEN-CBNMed-23-4-10-17-20240428","[]"
"GUARDEN-CBNMed-23-5-10-21-20240428","[1398721, 1390956, 1361005, 1360719, 1362429]"
"GUARDEN-CBNMed-23-6-10-24-20240428","[1392682, 1393364, 1360999]"
"GUARDEN-CBNMed-23-7-10-28-20240428","[]"
"GUARDEN-CBNMed-23-8-10-34-20240428","[]"
"GUARDEN-CBNMed-23-9-10-39-20240428","[1361005]"
"GUARDEN-CBNMed-24-10-13-06-20240428","[1359210]"
"GUARDEN-CBNMed-24-2-12-04-20240428","[1360978, 1360204, 1362462]"
"GUARDEN-CBNMed-24-3-12-15-20240428","[1722409, 1362990]"
"GUARDEN-CBNMed-24-5-12-36-20240428","[1390956]"
"GUARDEN-CBNMed-24-6-12-46-20240428","[]"
"GUARDEN-CBNMed-24-7-12-54-20240428","[]"
"GUARDEN-CBNMed-24-8-14-58-20240428","[]"
"GUARDEN-CBNMed-24-9-13-02-20240428","[]"
"GUARDEN-CBNMed-25-1-13-52-20240428","[1394527]"
"GUARDEN-CBNMed-25-10-14-49-20240428","[1357743]"
"GUARDEN-CBNMed-25-2-13-57-20240428","[]"
"GUARDEN-CBNMed-25-3-14-06-20240428","[1394527]"
"GUARDEN-CBNMed-25-4-14-15-20240428","[1394527, 1357743]"
"GUARDEN-CBNMed-25-7-14-28-20240428","[1357981]"
"GUARDEN-CBNMed-25-8-14-39-20240428","[1357293, 1357981, 1357743]"
"GUARDEN-CBNMed-25-9-14-43-20240428","[1393584, 1357981]"
"GUARDEN-CBNMed-26-10-10-01-20240428","[1359344]"
"GUARDEN-CBNMed-26-6-9-34-20240428","[1358386, 1357686, 1361519]"
"GUARDEN-CBNMed-26-8-9-45-20240428","[1359344]"
"GUARDEN-CBNMed-26-9-9-48-20240428","[1359344]"
"GUARDEN-CBNMed-27-1-11-17-20240428","[]"
"GUARDEN-CBNMed-27-10-11-55-20240428","[1397376]"
"GUARDEN-CBNMed-27-2-11-32-20240428","[1360054, 1363791]"
"GUARDEN-CBNMed-27-3-11-36-20240428","[1393546, 1722522]"
"GUARDEN-CBNMed-27-4-11-39-20240428","[1647304, 1722522]"
"GUARDEN-CBNMed-27-5-11-4-20240428","[1363642, 1393366, 1722522]"
"GUARDEN-CBNMed-27-6-11-42-20240428","[]"
"GUARDEN-CBNMed-27-7-11-43-20240428","[1722522]"
"GUARDEN-CBNMed-27-8-11-45-20240428","[]"
"GUARDEN-CBNMed-27-9-11-47-20240428","[]"
"GUARDEN-CBNMed-28-1-12-46-20240428","[1722522, 1393366]"
"GUARDEN-CBNMed-28-10-13-23-20240428","[1357705, 1737701]"
"GUARDEN-CBNMed-28-2-12-48-20240428","[1722522]"
"GUARDEN-CBNMed-28-3-12-51-20240428","[1391488, 1722522, 1393366]"
"GUARDEN-CBNMed-28-4-12-52-20240428","[1397376, 1722522, 1370637, 1360054]"
"GUARDEN-CBNMed-28-5-13-02-20240428","[1357705, 1370637, 1360054]"
"GUARDEN-CBNMed-28-6-13-06-20240428","[1397376, 1357705, 1360006, 1363838]"
"GUARDEN-CBNMed-28-7-13-11-20240428","[1357705, 1722522, 1395940, 1360558]"
"GUARDEN-CBNMed-28-8-13-14-20240428","[1357705, 1737701]"
"GUARDEN-CBNMed-28-9-13-17-20240428","[1722522]"
"GUARDEN-CBNMed-29-6-14-31-20240428","[1360719]"
"GUARDEN-CBNMed-29-7-14-34-20240428","[1360719]"
"GUARDEN-CBNMed-30-1-16-07-20240428","[1363362, 1737651, 1360555, 1393770]"
"GUARDEN-CBNMed-30-10-16-41-20240428","[1359344]"
"GUARDEN-CBNMed-30-2-16-23-20240428","[1359344]"
"GUARDEN-CBNMed-30-4-16-3-20240428","[1357227]"
"GUARDEN-CBNMed-30-6-16-34-20240428","[1359344, 1357227]"
"GUARDEN-CBNMed-30-7-16-35-20240428","[1359344, 1357227]"
"GUARDEN-CBNMed-30-8-16-37-20240428","[1359344, 1357227]"
"GUARDEN-CBNMed-30-9-16-4-20240428","[1359344, 1357227]"
"GUARDEN-CBNMed-31-1-9-37-20240428","[1360141, 1392679]"
"GUARDEN-CBNMed-31-10-10-06-20240428","[1414353, 1722578]"
"GUARDEN-CBNMed-31-2-9-4-20240428","[1355977]"
"GUARDEN-CBNMed-31-3-9-44-20240428","[]"
"GUARDEN-CBNMed-31-4-9-48-20240428","[1355977, 1393770, 1359009, 1358590]"
"GUARDEN-CBNMed-31-5-9-51-20240428","[1393770]"
"GUARDEN-CBNMed-31-6-9-54-20240428","[1363882]"
"GUARDEN-CBNMed-31-7-9-56-20240428","[1722578]"
"GUARDEN-CBNMed-31-8-10-20240428","[1422218]"
"GUARDEN-CBNMed-31-9-10-02-20240428","[1722578, 1364154]"
"GUARDEN-CBNMed-32-1-11-46-20240428","[1359009, 1396726, 1399609]"
"GUARDEN-CBNMed-32-10-13-12-20240428","[1359952, 1359009]"
"GUARDEN-CBNMed-32-2-11-58-20240428","[1359009]"
"GUARDEN-CBNMed-32-3-12-01-20240428","[1356873, 1357289, 1393770, 1359009]"
"GUARDEN-CBNMed-32-4-12-12-20240428","[1359009]"
"GUARDEN-CBNMed-32-9-13-07-20240428","[]"
"GUARDEN-CBNMed-33-1-14-48-20240428","[1399609, 1397398]"
"GUARDEN-CBNMed-33-10-15-59-20240428","[1363882, 1363894]"
"GUARDEN-CBNMed-33-2-15-01-20240428","[1509616, 1399609, 1737651]"
"GUARDEN-CBNMed-33-3-15-04-20240428","[1509616, 1399609, 1737651, 1357630]"
"GUARDEN-CBNMed-33-4-15-26-20240428","[1742400, 1356305, 1393615]"
"GUARDEN-CBNMed-33-5-15-29-20240428","[1398113, 1392725, 1357630, 1399609]"
"GUARDEN-CBNMed-33-6-15-36-20240428","[1399609, 1737651, 1357630]"
"GUARDEN-CBNMed-33-7-15-43-20240428","[1397398]"
"GUARDEN-CBNMed-33-8-15-5-20240428","[1509616, 1737651, 1392725, 1397398, 1399609]"
"GUARDEN-CBNMed-33-9-15-56-20240428","[1363882, 1358349, 1509616, 1737651, 1397398, 1399609, 1357630]"
"GUARDEN-CBNMed-38-1-12-58-20240428","[1395168, 1395169, 1356674, 1395162, 1437245]"
"GUARDEN-CBNMed-38-4-14-39-20240428","[1395162]"
"GUARDEN-CBNMed-38-6-15-04-20240428","[1395168, 1395169, 1395162, 1437245]"
"GUARDEN-CBNMed-39-10-12-02-20240531","[]"
"GUARDEN-CBNMed-39-7-11-3-20240531","[]"
"GUARDEN-CBNMed-39-8-11-39-20240531","[1393989]"
"GUARDEN-CBNMed-39-9-11-5-20240531","[]"
"GUARDEN-CBNMed-44-7-12-03-20240629","[1389810, 1392059]"
"GUARDEN-CBNMed-5-1-12-38-20240430","[1414366]"
"GUARDEN-CBNMed-5-10-13-32-20240430","[1396252]"
"GUARDEN-CBNMed-5-2-12-45-20240430","[1720971, 1363508]"
"GUARDEN-CBNMed-5-3-12-56-20240430","[1363508, 1361316, 1363543, 1363455]"
"GUARDEN-CBNMed-5-4-13-20240430","[1738592]"
"GUARDEN-CBNMed-5-5-13-04-20240430","[1738592, 1361316]"
"GUARDEN-CBNMed-5-6-13-07-20240430","[1361367, 1363458, 1363455]"
"GUARDEN-CBNMed-5-7-13-17-20240430","[1396313, 1361316]"
"GUARDEN-CBNMed-5-8-13-22-20240430","[1361316]"
"GUARDEN-CBNMed-5-9-13-27-20240430","[]"
"GUARDEN-CBNMed-6-9-15-28-20240430","[]"
"GUARDEN-CBNMed-8-10-12-59-20240429","[1358613]"
"GUARDEN-CBNMed-8-4-12-33-20240429","[1722409, 1359006]"
"GUARDEN-CBNMed-8-8-12-51-20240429","[1361000]"
"GUARDEN-CBNMed-8-9-12-56-20240429","[1358613]"
"GUARDEN-CBNMed-9-10-16-16-20240429","[1359216, 1743651, 1358613]"
"GUARDEN-CBNMed-9-2-15-46-20240429","[1394944, 1357098, 1395940, 1360398]"
"GUARDEN-CBNMed-9-6-16-04-20240429","[1358613]"
"GUARDEN-CBNMed-9-7-16-06-20240429","[1358613]"
"GUARDEN-CBNMed-9-8-16-08-20240429","[1358613]"
"GUARDEN-CBNMed-9-9-16-14-20240429","[1358613]"
"LISAH-BOU-0-10-20230523","[1722578, 1363835]"
"LISAH-BOU-0-101-20240425","[1425238]"
"LISAH-BOU-0-104-20240502","[1420448, 1391143, 1391144, 1357870, 1356276, 1394548, 1396319]"
"LISAH-BOU-0-105-20240502","[1394246, 1391144, 1356276, 1400126, 1396319]"
"LISAH-BOU-0-108-20240502","[1359772, 1356276, 1741815]"
"LISAH-BOU-0-109-20240502","[1357681, 1364173, 1355990]"
"LISAH-BOU-0-110-20240502","[1360416, 1360385, 1360417, 1397608, 1356464, 1356276, 1722454, 1396319]"
"LISAH-BOU-0-111-20240502","[1393643, 1421285, 1388806]"
"LISAH-BOU-0-113-20240502","[1397608, 1738947, 1356276, 1396319]"
"LISAH-BOU-0-114-20240502","[1360416, 1360385, 1388787]"
"LISAH-BOU-0-117-20240502","[1360416, 1360385, 1360417]"
"LISAH-BOU-0-118-20240502","[1550275, 1356276, 1356013]"
"LISAH-BOU-0-14-20230511","[]"
"LISAH-BOU-0-15-20230511","[]"
"LISAH-BOU-0-153-20240502","[]"
"LISAH-BOU-0-154-20240502","[]"
"LISAH-BOU-0-157-20240502","[1357185, 1355964, 1356013]"
"LISAH-BOU-0-16-20230511","[1363835]"
"LISAH-BOU-0-160-20240502","[1396744, 1502064]"
"LISAH-BOU-0-163-20240502","[1363944, 1358257, 1417843]"
"LISAH-BOU-0-164-20240502","[1356013, 1356719, 1363730, 1362361, 1363835]"
"LISAH-BOU-0-165-20240502","[1646528, 1363835, 1356013]"
"LISAH-BOU-0-167-20240502","[1363731]"
"LISAH-BOU-0-168-20240502","[1412585, 1363731]"
"LISAH-BOU-0-170-20240502","[1646528, 1363731, 1425238]"
"LISAH-BOU-0-171-20240502","[1363731]"
"LISAH-BOU-0-172-20240502","[1363731]"
"LISAH-BOU-0-173-20240502","[1363731, 1358654, 1357351]"
"LISAH-BOU-0-174-20240502","[1363731, 1425238]"
"LISAH-BOU-0-175-20240502","[1391360, 1363731, 1425238]"
"LISAH-BOU-0-183-20240502","[1399232, 1646528, 1363944, 1363946, 1363731]"
"LISAH-BOU-0-187-20240502","[1363944, 1361307, 1392164, 1361781]"
"LISAH-BOU-0-191-20240502","[1359268, 1363797]"
"LISAH-BOU-0-2-20240425","[1356276, 1390655]"
"LISAH-BOU-0-24-20230512","[1360416, 1361000, 1389311]"
"LISAH-BOU-0-24-20240425","[1360161, 1434347, 1356013, 1395412, 1389311]"
"LISAH-BOU-0-25-20230512","[1738870, 1360420, 1722454, 1364007]"
"LISAH-BOU-0-25-20230711","[]"
"LISAH-BOU-0-28-20240425","[1360416, 1360417, 1361000, 1668953]"
"LISAH-BOU-0-29-20230523","[]"
"LISAH-BOU-0-29-20230621","[1397248, 1356067, 1363212, 1738641, 1359667, 1356180]"
"LISAH-BOU-0-29-20240425","[1361000, 1360385, 1397356, 1389311]"
"LISAH-BOU-0-3-20230721","[1363212]"
"LISAH-BOU-0-30-20230512","[1356012]"
"LISAH-BOU-0-30-20240425","[1738870, 1389311]"
"LISAH-BOU-0-31-20230919","[1501456]"
"LISAH-BOU-0-31-20240425","[1360416, 1356012, 1356013, 1722671, 1358672]"
"LISAH-BOU-0-32-20230516","[1355936, 1364006]"
"LISAH-BOU-0-32-20240425","[1397356, 1356012, 1389311]"
"LISAH-BOU-0-34-20230516","[]"
"LISAH-BOU-0-35-20240425","[1389311]"
"LISAH-BOU-0-36-20240425","[1356012]"
"LISAH-BOU-0-37-20230512","[1397356, 1737524]"
"LISAH-BOU-0-37-20240425","[1361000, 1356012, 1389311]"
"LISAH-BOU-0-38-20230516","[1363835, 1356012]"
"LISAH-BOU-0-39-20230512","[1397356]"
"LISAH-BOU-0-4-20230511","[1363337, 1414353]"
"LISAH-BOU-0-4-20230711","[1356803]"
"LISAH-BOU-0-4-20240425","[1356013]"
"LISAH-BOU-0-40-20230512","[1361000, 1394533, 1363267, 1394509]"
"LISAH-BOU-0-40-20240425","[1397356, 1394509]"
"LISAH-BOU-0-41-20230512","[1397356, 1396138, 1394509, 1398197]"
"LISAH-BOU-0-42-20230511","[]"
"LISAH-BOU-0-43-20230512","[1363835]"
"LISAH-BOU-0-44-20240425","[1364007]"
"LISAH-BOU-0-5-20230512","[1393411, 1357351, 1395144, 1744046, 1356276, 1390655]"
"LISAH-BOU-0-5-20230711","[]"
"LISAH-BOU-0-50-20230512","[1390887, 1363944, 1422218, 1361306, 1361307, 1356286]"
"LISAH-BOU-0-52-20230512","[1363945, 1422218, 1358654]"
"LISAH-BOU-0-54-20230512","[1361306, 1397476]"
"LISAH-BOU-0-55-20230512","[1364016, 1356149]"
"LISAH-BOU-0-56-20230512","[1646528, 1363944, 1359625, 1359639, 1361306, 1361307]"
"LISAH-BOU-0-58-20230512","[1356066, 1394627, 1393636, 1394638, 1395097, 1357981]"
"LISAH-BOU-0-6-20240425","[1356276, 1396206]"
"LISAH-BOU-0-63-20230512","[1397697, 1364162, 1391425, 1393636, 1358257, 1358355, 1357085, 1358622, 1360991]"
"LISAH-BOU-0-65-20230512","[1722569, 1357085]"
"LISAH-BOU-0-75-20230516","[]"
"LISAH-BOU-0-79-20230512","[1425238, 1363731, 1358733, 1359502]"
"LISAH-BOU-0-8-20240425","[1357351]"
"LISAH-BOU-0-84-20230512","[1360711]"
"LISAH-BOU-0-9-20240425","[]"
"LISAH-BOU-0-98-20240425","[1425238]"
"LISAH-BVD-0-100-20230510","[1363803]"
"LISAH-BVD-0-101-20230510","[1646528]"
"LISAH-BVD-0-152-20230511","[1394360, 1394636, 1646528]"
"LISAH-BVD-0-155-20230511","[1646528, 1394636]"
"LISAH-BVD-0-158-20230511","[1646528, 1356066, 1356072, 1394636, 1394638]"
"LISAH-BVD-0-191-20230511","[1359508]"
"LISAH-BVD-0-192-20230511","[]"
"LISAH-BVD-0-195-20230511","[]"
"LISAH-BVD-0-196-20230511","[]"
"LISAH-BVD-0-197-20230511","[]"
"LISAH-BVD-0-200-20230511","[1359508]"
"LISAH-BVD-0-203-20230511","[]"
"LISAH-BVD-0-205-20230511","[]"
"LISAH-BVD-0-206-20230511","[1397104, 1398286]"
"LISAH-BVD-0-208-20230511","[]"
"LISAH-BVD-0-209-20230511","[1397104, 1394636, 1363740]"
"LISAH-BVD-0-25-20230510","[]"
"LISAH-BVD-0-275-20230516","[1363472, 1361090, 1361133, 1361087]"
"LISAH-BVD-0-277-20230516","[]"
"LISAH-BVD-0-278-20230516","[]"
"LISAH-BVD-0-281-20230516","[]"
"LISAH-BVD-0-282-20230516","[]"
"LISAH-BVD-0-283-20230516","[1363472, 1356268, 1360304]"
"LISAH-BVD-0-285-20230516","[]"
"LISAH-BVD-0-287-20230516","[]"
"LISAH-BVD-0-288-20230516","[1363468]"
"LISAH-BVD-0-292-20230516","[]"
"LISAH-BVD-0-293-20230516","[]"
"LISAH-BVD-0-294-20230516","[]"
"LISAH-BVD-0-295-20230516","[1363551]"
"LISAH-BVD-0-296-20230516","[1363993, 1359622]"
"LISAH-BVD-0-297-20230516","[1397104]"
"LISAH-BVD-0-298-20230516","[1363993]"
"LISAH-BVD-0-299-20230516","[1397697]"
"LISAH-BVD-0-300-20230516","[1391330]"
"LISAH-BVD-0-301-20230516","[1360304, 1363993]"
"LISAH-BVD-0-302-20230516","[1391330]"
"LISAH-BVD-0-309-20230516","[1391330]"
"LISAH-BVD-0-310-20230516","[1361912]"
"LISAH-BVD-0-337-20230516","[1364006]"
"LISAH-BVD-0-338-20230516","[1356286]"
"LISAH-BVD-0-339-20230516","[]"
"LISAH-BVD-0-341-20230516","[1364006]"
"LISAH-BVD-0-342-20230516","[1356320, 1364006]"
"LISAH-BVD-0-343-20230516","[1397104, 1394636, 1359508, 1356286]"
"LISAH-BVD-0-344-20230516","[1359517]"
"LISAH-BVD-0-345-20230516","[1364006, 1361206]"
"LISAH-BVD-0-346-20230516","[1361201]"
"LISAH-BVD-0-347-20230516","[]"
"LISAH-BVD-0-348-20230516","[1356286]"
"LISAH-BVD-0-349-20230516","[1356286, 1364006]"
"LISAH-BVD-0-35-20230510","[]"
"LISAH-BVD-0-350-20230516","[]"
"LISAH-BVD-0-351-20230516","[1646528, 1356066, 1394627, 1394638, 1392560]"
"LISAH-BVD-0-352-20230516","[1356286]"
"LISAH-BVD-0-353-20230516","[1364006, 1356286]"
"LISAH-BVD-0-354-20230516","[1723194]"
"LISAH-BVD-0-364-20230516","[1422217, 1417843, 1355886, 1363947]"
"LISAH-BVD-0-372-20230516","[1359483]"
"LISAH-BVD-0-379-20230516","[1741600]"
"LISAH-BVD-0-380-20230516","[]"
"LISAH-BVD-0-383-20230516","[]"
"LISAH-BVD-0-392-20230516","[]"
"LISAH-BVD-0-397-20230517","[1422217]"
"LISAH-BVD-0-398-20230517","[1356278]"
"LISAH-BVD-0-412-20230517","[]"
"LISAH-BVD-0-417-20230517","[1356066, 1361307, 1361306]"
"LISAH-BVD-0-428-20230517","[1654010]"
"LISAH-BVD-0-430-20230517","[1356286, 1361302]"
"LISAH-BVD-0-431-20230517","[1737545]"
"LISAH-BVD-0-432-20230517","[1357635, 1363421, 1364006]"
"LISAH-BVD-0-463-20230517","[1646528, 1394638]"
"LISAH-BVD-0-465-20230517","[1394627]"
"LISAH-BVD-0-471-20230517","[1356066, 1394627]"
"LISAH-BVD-0-54-20230510","[1356314]"
"LISAH-BVD-0-99-20230510","[1356286]"
"LISAH-JAS-0-1-20220505","[1356331, 1364167]"
"LISAH-JAS-0-11-20220505","[1357875]"
"LISAH-JAS-0-12-20220505","[1359519]"
"LISAH-JAS-0-13-20220505","[1363738, 1364063, 1359519]"
"LISAH-JAS-0-15-20220505","[1359530, 1359802, 1357526, 1359519]"
"LISAH-JAS-0-16-20220505","[1359519]"
"LISAH-JAS-0-17-20220505","[1363791]"
"LISAH-JAS-0-2-20220505","[1359981, 1364063]"
"LISAH-JAS-0-6-20220505","[1364138]"
"LISAH-JAS-0-7-20220505","[1364138]"
"LISAH-JAS-0-9-20220505","[1364063, 1355870, 1359519]"
"LISAH-JAS-1-25-20220505","[]"
"LISAH-JAS-1-27-20220505","[1361306, 1361307]"
"LISAH-JAS-1-28-20220505","[1362898, 1363739, 1363740]"
"LISAH-JAS-1-5-20220505","[]"
"LISAH-PEC-0-0-20220608","[]"
"LISAH-PEC-0-1-20230411","[1356013, 1394414]"
"LISAH-PEC-0-10-20230405","[]"
"LISAH-PEC-0-11-20230405","[1741690]"
"LISAH-PEC-0-11-20230411","[]"
"LISAH-PEC-0-12-20230411","[]"
"LISAH-PEC-0-13-20230411","[]"
"LISAH-PEC-0-13-20230413","[1356109, 1359823]"
"LISAH-PEC-0-14-20230407","[]"
"LISAH-PEC-0-15-20230407","[1361000]"
"LISAH-PEC-0-17-20230413","[]"
"LISAH-PEC-0-18-20230411","[]"
"LISAH-PEC-0-19-20230413","[]"
"LISAH-PEC-0-20-20230411","[1355964, 1364007]"
"LISAH-PEC-0-4-20230407","[]"
"LISAH-PEC-0-4-20230411","[1363945]"
"LISAH-PEC-0-6-20220608","[1361361]"
"LISAH-PEC-0-6-20230411","[1741690]"
"LISAH-PEC-0-8-20230405","[1742959]"
"LISAH-PEC-0-9-20230411","[1363945, 1355964]"
"LISAH-PEC-0-9-20230413","[1357598]"
"LISAH-PEC-1-13-20230405","[1741600]"
"LISAH-PEC-1-18-20230407","[1742179, 1363878]"
"LISAH-PEC-2-0-20220609","[1422217, 1361307, 1361437, 1359601]"
"LISAH-PEC-2-11-20220609","[1422218]"
"LISAH-PEC-2-17-20230407","[]"
"LISAH-PEC-2-2-20220609","[1361307, 1356013]"
"LISAH-PEC-2-20-20230407","[]"
"LISAH-PEC-2-4-20220609","[1422217]"
"LISAH-PEC-2-5-20220609","[1364151, 1357723, 1357351]"
"LISAH-PEC-2-5-20230407","[1395715]"
"LISAH-PEC-2-6-20220609","[1397344, 1422217, 1422218, 1357773, 1395993]"
"LISAH-PEC-3-10-20230407","[1722501]"
"LISAH-PEC-3-16-20230407","[1363676, 1722501]"
"LISAH-PEC-3-20-20230407","[1722501, 1392172, 1356588, 1363739, 1363676]"
"OPTMix-0108-P1-312-20231006","[]"
"OPTMix-0108-P1-422-20231006","[]"
"OPTMix-0108-P1-427-20231006","[]"
"OPTMix-0108-P1-533-20231006","[]"
"OPTMix-0108-P1-95-20231006","[]"
"OPTMix-012-P1-143-20231201","[]"
"OPTMix-012-P1-208-20231201","[]"
"OPTMix-012-P2-192-20231201","[1358515]"
"OPTMix-012-P2-207-20231201","[]"
"OPTMix-012-P2-240-20231201","[]"
"OPTMix-012-P3-190-20231201","[]"
"OPTMix-012-P3-218-20231201","[]"
"OPTMix-012-P3-220-20231201","[1361376, 1392309]"
"OPTMix-0178-P1-1060-20231006","[1369508]"
"OPTMix-0178-P1-1061-20231006","[]"
"OPTMix-0178-P1-552-20231006","[]"
"OPTMix-0178-P1-661-20231006","[1356373, 1394503]"
"OPTMix-0178-P1-663-20231006","[]"
"OPTMix-0178-P1-669-20231006","[1359740]"
"OPTMix-0200-11006-20231009","[]"
"OPTMix-0200-P2-53-20231009","[]"
"OPTMix-0200-P2-54-20231009","[]"
"OPTMix-0200-P2-68-20231009","[]"
"OPTMix-0200-P3-108-20231009","[]"
"OPTMix-0200-P3-127-20231009","[]"
"OPTMix-0200-P3-139-20231009","[]"
"OPTMix-0214-P1-207-20231010","[]"
"OPTMix-0214-P1-208-20231010","[]"
"OPTMix-0214-P1-235-20231010","[]"
"OPTMix-0214-P2-22-20231010","[1358501]"
"OPTMix-0214-P2-64-20231010","[1396760, 1358501, 1358357, 1363893]"
"OPTMix-0214-P2-84-20231010","[1744168, 1419076, 1358615]"
"OPTMix-0214-P3-186-20231010","[]"
"OPTMix-0214-P3-196-20231010","[]"
"OPTMix-0214-P3-278-20231010","[]"
"OPTMix-0216-P4-208-20231009","[]"
"OPTMix-0255-11233-20231009","[]"
"OPTMix-0255-11372-20231009","[]"
"OPTMix-0255-11382-20231009","[]"
"OPTMix-033-P3-107-20231201","[1356373]"
"OPTMix-0333-P1-107-20231212","[]"
"OPTMix-0333-P1-112-20231212","[1361704, 1361703]"
"OPTMix-0333-P2-108-20231212","[1357724, 1701758]"
"OPTMix-0333-P2-112-20231212","[]"
"OPTMix-0333-P2-115-20231212","[]"
"OPTMix-0333-P3-100-20231201","[]"
"OPTMix-0333-P3-76-20231201","[1356404, 1356373]"
"OPTMix-057-P1-1699-20231010","[1397084]"
"OPTMix-057-P1-1901-20231010","[]"
"OPTMix-057-P1-1902-20231010","[]"
"OPTMix-057-P1-1913-20231010","[]"
"OPTMix-057-P1-1917-20231010","[1356345, 1722693]"
"OPTMix-0593-P1-129-20231205","[1361654]"
"OPTMix-0593-P1-134-20231205","[1359973]"
"OPTMix-0593-P1-86-20231205","[]"
"OPTMix-0593-P2-180-20231205","[]"
"OPTMix-0593-P2-84-20231205","[]"
"OPTMix-0593-P2-92-20231205","[]"
"OPTMix-0593-P3-130-20231205","[]"
"OPTMix-0593-P3-146-20231205","[]"
"OPTMix-0593-P3-87-20231205","[]"
"OPTMix-0598-P1-118-20231205","[]"
"OPTMix-0598-P1-132-20231205","[1359973]"
"OPTMix-0598-P1-133-20231205","[]"
"OPTMix-0598-P1-149-20231205","[1363468]"
"OPTMix-0598-P1-197-20231205","[1418597, 1357117]"
"OPTMix-0598-P1-198-20231205","[]"
"OPTMix-0598-P2-102-20231205","[]"
"OPTMix-0598-P2-139-20231207","[1356364]"
"OPTMix-0598-P2-86-20231207","[1356404, 1356373]"
"OPTMix-0598-P2-99-20231205","[1356353]"
"OPTMix-0598-P4-104-20231207","[]"
"OPTMix-0598-P4-108-20231207","[1392129, 1391143]"
"OPTMix-0598-P4-128-20231207","[]"
"OPTMix-083-P3-139-20231110","[1737660]"
"OPTMix-083-P3-186-20231110","[1356404, 1356373]"
"OPTMix-083-P3-96-20231110","[]"
"OPTMix-108-P1-000-20231006","[]"
"RNNB-1-1-20230512","[1722625, 1722522, 1426004, 1360006]"
"RNNB-1-1-20240117","[1737441]"
"RNNB-1-10-20230512","[1722625, 1722522]"
"RNNB-1-10-20240117","[1722433, 1737441]"
"RNNB-1-2-20230512","[1722521, 1722522]"
"RNNB-1-2-20240117","[1361703]"
"RNNB-1-3-20230512","[1722522]"
"RNNB-1-3-20240117","[1361703]"
"RNNB-1-4-20230512","[1722521, 1722522, 1722625]"
"RNNB-1-4-20240117","[1737441, 1361703]"
"RNNB-1-5-20230512","[1451777, 1722625, 1486726, 1722630, 1360268, 1426005, 1722522]"
"RNNB-1-5-20240117","[1737441]"
"RNNB-1-6-20230512","[1356305, 1722522, 1360006, 1452062]"
"RNNB-1-6-20240117","[1737441]"
"RNNB-1-7-20230512","[1722625, 1722522]"
"RNNB-1-7-20240117","[1737441]"
"RNNB-1-8-20230512","[1722625]"
"RNNB-1-8-20240117","[1737441]"
"RNNB-1-9-20230512","[1722625, 1722522]"
"RNNB-1-9-20240117","[1737441, 1396470]"
"RNNB-2-1-20230512","[1722522, 1426004, 1426005, 1360006]"
"RNNB-2-1-20240117","[1737441, 1392164]"
"RNNB-2-10-20230512","[1426005, 1360006, 1545855]"
"RNNB-2-10-20240117","[1722578, 1721018, 1364037, 1361703]"
"RNNB-2-2-20230512","[1722522, 1426005]"
"RNNB-2-2-20240117","[1737441, 1722578, 1361703]"
"RNNB-2-3-20230512","[1426004, 1426005, 1360006]"
"RNNB-2-3-20240117","[1722578, 1362711]"
"RNNB-2-4-20230512","[1357085, 1426004, 1426005, 1360006]"
"RNNB-2-4-20240117","[1737441]"
"RNNB-2-5-20230512","[1426004, 1426005, 1360006]"
"RNNB-2-5-20240117","[1359344, 1722578]"
"RNNB-2-6-20230512","[1426004, 1426005, 1360006]"
"RNNB-2-6-20240117","[1359344, 1392172, 1362711]"
"RNNB-2-7-20230512","[1426004, 1426005, 1360006]"
"RNNB-2-7-20240117","[1737441, 1361703]"
"RNNB-2-8-20230512","[1426005]"
"RNNB-2-8-20240117","[1360161, 1722578, 1737441, 1361703]"
"RNNB-2-9-20230512","[1360006, 1426005, 1360070]"
"RNNB-2-9-20240117","[1362361, 1721018, 1722671, 1396471]"
"RNNB-3-1-20230512","[1360054]"
"RNNB-3-1-20240117","[1359344]"
"RNNB-3-10-20230512","[1393522]"
"RNNB-3-10-20240117","[1737441, 1361703]"
"RNNB-3-11-20230512","[]"
"RNNB-3-12-20230512","[]"
"RNNB-3-2-20230512","[1426004]"
"RNNB-3-2-20240117","[1737441]"
"RNNB-3-3-20240117","[1359344, 1722441, 1391148, 1737441]"
"RNNB-3-4-20230512","[1437724]"
"RNNB-3-4-20240117","[1737441, 1361703, 1359344, 1722578, 1357049, 1722619, 1741599]"
"RNNB-3-5-20230512","[]"
"RNNB-3-5-20240117","[1361703]"
"RNNB-3-6-20230512","[1361969]"
"RNNB-3-6-20240117","[1361703]"
"RNNB-3-7-20230512","[]"
"RNNB-3-7-20240117","[1361703]"
"RNNB-3-8-20230512","[1397243, 1650228]"
"RNNB-3-8-20240117","[1361703]"
"RNNB-3-9-20230512","[1722433, 1393522]"
"RNNB-3-9-20240117","[1737441, 1722501, 1361703, 1722578, 1721018, 1361723, 1360701]"
"RNNB-4-1-20240117","[1393619, 1361703]"
"RNNB-4-1-20240118","[1400034]"
"RNNB-4-10-20240117","[1737441, 1361703]"
"RNNB-4-10-20240118","[]"
"RNNB-4-2-20240117","[1361703]"
"RNNB-4-2-20240118","[1366028]"
"RNNB-4-3-20240117","[1361703]"
"RNNB-4-3-20240118","[1361437]"
"RNNB-4-4-20240117","[1361703]"
"RNNB-4-4-20240118","[]"
"RNNB-4-5-20240117","[1361703]"
"RNNB-4-5-20240118","[1357705, 1392628]"
"RNNB-4-6-20240117","[1359344, 1737441]"
"RNNB-4-6-20240118","[]"
"RNNB-4-7-20240117","[1737441]"
"RNNB-4-7-20240118","[1395962, 1359036, 1739038, 1396970]"
"RNNB-4-8-20240117","[1361703]"
"RNNB-4-8-20240118","[1393703]"
"RNNB-4-9-20240117","[1359344, 1737441]"
"RNNB-4-9-20240118","[1395940]"
"RNNB-5-1-20240117","[1743337, 1360981, 1360542]"
"RNNB-5-1-20240118","[1738652]"
"RNNB-5-10-20240117","[1360981]"
"RNNB-5-10-20240118","[1363045]"
"RNNB-5-2-20240117","[]"
"RNNB-5-2-20240118","[]"
"RNNB-5-3-20240117","[1360981]"
"RNNB-5-3-20240118","[1486726]"
"RNNB-5-4-20240117","[1744842, 1393466, 1392725, 1357630]"
"RNNB-5-4-20240118","[1391144, 1357630]"
"RNNB-5-5-20240117","[]"
"RNNB-5-5-20240118","[1392725, 1396742, 1393679]"
"RNNB-5-6-20240117","[1360542]"
"RNNB-5-6-20240118","[]"
"RNNB-5-7-20240117","[1355882, 1356400, 1360981, 1360542, 1743327]"
"RNNB-5-7-20240118","[]"
"RNNB-5-8-20240117","[1398824, 1358918]"
"RNNB-5-8-20240118","[]"
"RNNB-5-9-20240117","[1360981]"
"RNNB-5-9-20240118","[]"
"RNNB-6-1-20240117","[1361889]"
"RNNB-6-1-20240118","[1361703]"
"RNNB-6-10-20240117","[]"
"RNNB-6-10-20240118","[1357608, 1399609]"
"RNNB-6-2-20240117","[1360981]"
"RNNB-6-2-20240118","[]"
"RNNB-6-3-20240117","[1360981]"
"RNNB-6-3-20240118","[]"
"RNNB-6-4-20240117","[]"
"RNNB-6-4-20240118","[1396470]"
"RNNB-6-5-20240117","[1361820]"
"RNNB-6-5-20240118","[1363302]"
"RNNB-6-6-20240117","[1360981]"
"RNNB-6-6-20240118","[]"
"RNNB-6-7-20240117","[]"
"RNNB-6-7-20240118","[1399609, 1392725, 1357630]"
"RNNB-6-8-20240117","[1357361, 1360981]"
"RNNB-6-8-20240118","[1399609, 1361703]"
"RNNB-6-9-20240117","[]"
"RNNB-6-9-20240118","[1361703]"
"RNNB-7-1-20240118","[]"
"RNNB-7-10-20240118","[]"
"RNNB-7-2-20240118","[]"
"RNNB-7-3-20240118","[1392725]"
"RNNB-7-4-20240118","[]"
"RNNB-7-5-20240118","[1411089]"
"RNNB-7-6-20240118","[]"
"RNNB-7-7-20240118","[]"
"RNNB-7-8-20240118","[]"
"RNNB-7-9-20240118","[]"
"RNNB-8-1-20240118","[1359344]"
"RNNB-8-10-20240118","[1655199]"
"RNNB-8-2-20240118","[]"
"RNNB-8-3-20240118","[]"
"RNNB-8-4-20240118","[]"
"RNNB-8-5-20240118","[1359344, 1655199]"
"RNNB-8-6-20240118","[1359344, 1356598]"
"RNNB-8-7-20240118","[1359344]"
"RNNB-8-8-20240118","[1359344, 1357227]"
"RNNB-8-9-20240118","[1359344]"
